iccs,unit,geo\time	2015 	2014 	2013 	2012 	2011 	2010 	2009 	2008 
ICCS0101,NR,AL	54 	98 	107 	125 	124 	118 	82 	88 
ICCS0101,NR,AT	42 	40 	62 	88 	80 	61 	51 	58 
ICCS0101,NR,BA	56 	49 	46 	60 	49 	54 	67 	66 
ICCS0101,NR,BE	220 	208 	205 	205 	214 	189 	189 	203 
ICCS0101,NR,BG	129 	116 	109 	141 	128 	148 	150 	172 
ICCS0101,NR,CH	57 	41 	57 	45 	46 	53 	51 	54 
ICCS0101,NR,CY	12 	10 	11 	19 	8 	7 	19 	9 
ICCS0101,NR,CZ	84 	84 	91 	95 	83 	105 	105 	113 
ICCS0101,NR,DE	655 	645 	623 	619 	689 	699 	721 	656 
ICCS0101,NR,DK	46 	59 	41 	43 	49 	49 	47 	54 
ICCS0101,NR,EE	42 	41 	52 	63 	65 	70 	70 	84 
ICCS0101,NR,EL	86 	105 	141 	165 	184 	176 	143 	139 
ICCS0101,NR,ES	303 	323 	302 	364 	385 	401 	412 	407 
ICCS0101,NR,FI	88 	89 	90 	88 	110 	119 	120 	133 
ICCS0101,NR,FR	1017 	792 	777 	784 	856 	796 	819 	1021 
ICCS0101,NR,HR	37 	36 	46 	51 	49 	62 	49 	71 
ICCS0101,NR,HU	99 	129 	138 	113 	142 	133 	139 	147 
ICCS0101,NR,IE	61 	80 	83 	79 	66 	89 	88 	89 
ICCS0101,NR,IS	3 	1 	1 	1 	3 	2 	1 	0 
ICCS0101,NR,IT	469 	475 	504 	530 	552 	529 	590 	615 
ICCS0101,NR,LI	0 	1 	0 	0 	0 	1 	0 	1 
ICCS0101,NR,LT	168 	155 	172 	181 	189 	199 	240 	286 
ICCS0101,NR,LU	5 	4 	1 	3 	4 	8 	5 	7 
ICCS0101,NR,LV	81 	77 	69 	97 	69 	70 	108 	99 
ICCS0101,NR,ME	17 	19 	9 	15 	19 	13 	10 	22 
ICCS0101,NR,MK	: 	25 	20 	28 	27 	39 	35 	35 
ICCS0101,NR,MT	4 	6 	6 	10 	3 	4 	4 	6 
ICCS0101,NR,NL	: 	: 	125 	145 	143 	144 	154 	150 
ICCS0101,NR,NO	: 	29 	46 	27 	111 	29 	29 	34 
ICCS0101,NR,PL	286 	283 	298 	377 	449 	436 	493 	460 
ICCS0101,NR,PT	100 	92 	144 	122 	114 	124 	130 	124 
ICCS0101,NR,RO	291 	298 	336 	378 	335 	404 	397 	470 
ICCS0101,NR,RS	91 	113 	131 	104 	114 	114 	136 	128 
ICCS0101,NR,SE	112 	87 	87 	68 	81 	91 	93 	82 
ICCS0101,NR,SI	20 	17 	12 	14 	17 	11 	13 	11 
ICCS0101,NR,SK	48 	72 	78 	75 	96 	89 	84 	94 
ICCS0101,NR,TR	: 	: 	: 	1806 	1688 	1766 	2090 	: 
ICCS0101,NR,UKC-L	: 	518 	523 	544 	526 	632 	595 	638 
ICCS0101,NR,UKM	: 	59 	61 	63 	93 	100 	84 	95 
ICCS0101,NR,UKN	23 	17 	20 	21 	23 	23 	29 	24 
ICCS0101,NR,XK	30 	39 	41 	90 	62 	106 	73 	113 
ICCS0101,P_HTHAB,AL	: 	: 	: 	: 	4.38 	: 	2.57 	2.78 
ICCS0101,P_HTHAB,AT	0.49 	0.47 	0.73 	1.05 	0.96 	0.73 	0.61 	0.70 
ICCS0101,P_HTHAB,BA	: 	: 	: 	1.56 	1.27 	1.40 	1.74 	1.72 
ICCS0101,P_HTHAB,BE	1.96 	1.86 	1.84 	1.85 	1.95 	1.74 	1.76 	1.90 
ICCS0101,P_HTHAB,BG	1.79 	1.60 	1.50 	1.92 	1.74 	1.99 	2.01 	2.29 
ICCS0101,P_HTHAB,CH	0.69 	0.50 	0.71 	0.57 	0.58 	0.68 	0.66 	0.71 
ICCS0101,P_HTHAB,CY	1.42 	1.17 	1.27 	2.20 	0.95 	0.85 	2.38 	1.16 
ICCS0101,P_HTHAB,CZ	0.80 	0.80 	0.87 	0.90 	0.79 	1.00 	1.01 	1.09 
ICCS0101,P_HTHAB,DE	0.81 	0.80 	0.77 	0.77 	0.86 	0.85 	0.88 	0.80 
ICCS0101,P_HTHAB,DK	0.81 	1.05 	0.73 	0.77 	0.88 	0.89 	0.85 	0.99 
ICCS0101,P_HTHAB,EE	3.19 	3.12 	3.94 	4.75 	4.89 	5.25 	5.24 	6.28 
ICCS0101,P_HTHAB,EL	0.79 	0.96 	1.28 	1.49 	1.65 	1.58 	1.29 	1.24 
ICCS0101,P_HTHAB,ES	0.65 	0.69 	0.65 	0.78 	0.82 	0.86 	0.89 	0.89 
ICCS0101,P_HTHAB,FI	1.61 	1.63 	1.66 	1.63 	2.05 	2.22 	2.25 	2.51 
ICCS0101,P_HTHAB,FR	1.53 	1.20 	1.18 	1.20 	1.32 	1.23 	1.27 	1.60 
ICCS0101,P_HTHAB,HR	0.88 	0.85 	1.08 	1.19 	1.14 	1.44 	1.14 	1.65 
ICCS0101,P_HTHAB,HU	1.00 	1.31 	1.39 	1.14 	1.42 	1.33 	1.39 	1.46 
ICCS0101,P_HTHAB,IE	1.32 	1.74 	1.81 	1.72 	1.44 	1.96 	1.95 	2.00 
ICCS0101,P_HTHAB,IS	0.91 	0.31 	0.31 	0.31 	0.94 	0.63 	0.31 	0.00 
ICCS0101,P_HTHAB,IT	0.77 	0.78 	0.84 	0.89 	0.93 	0.89 	1.00 	1.05 
ICCS0101,P_HTHAB,LI	0.00 	2.69 	0.00 	0.00 	0.00 	2.79 	0.00 	2.83 
ICCS0101,P_HTHAB,LT	5.75 	5.27 	5.79 	6.03 	6.19 	6.33 	7.54 	8.90 
ICCS0101,P_HTHAB,LU	0.89 	0.73 	0.19 	0.57 	0.78 	1.59 	1.01 	1.45 
ICCS0101,P_HTHAB,LV	4.08 	3.85 	3.41 	4.74 	3.33 	3.30 	4.99 	4.52 
ICCS0101,P_HTHAB,ME	2.73 	3.06 	1.45 	2.42 	3.07 	2.10 	1.62 	3.57 
ICCS0101,P_HTHAB,MK	: 	1.21 	0.97 	1.36 	1.31 	1.90 	1.71 	1.71 
ICCS0101,P_HTHAB,MT	0.93 	1.41 	1.42 	2.39 	0.72 	0.97 	0.97 	1.47 
ICCS0101,P_HTHAB,NL	: 	: 	0.74 	0.87 	0.86 	0.87 	0.93 	0.91 
ICCS0101,P_HTHAB,NO	: 	0.57 	0.91 	0.54 	2.26 	0.60 	0.60 	0.72 
ICCS0101,P_HTHAB,PL	0.75 	0.74 	0.78 	0.99 	1.18 	1.15 	1.29 	1.21 
ICCS0101,P_HTHAB,PT	0.96 	0.88 	1.37 	1.16 	1.08 	1.17 	1.23 	1.17 
ICCS0101,P_HTHAB,RO	1.46 	1.49 	1.68 	1.88 	1.56 	1.88 	1.94 	2.28 
ICCS0101,P_HTHAB,RS	1.28 	1.58 	1.82 	1.44 	1.57 	1.56 	1.85 	1.74 
ICCS0101,P_HTHAB,SE	1.15 	0.90 	0.91 	0.72 	0.86 	0.97 	1.00 	0.89 
ICCS0101,P_HTHAB,SI	0.97 	0.82 	0.58 	0.68 	0.83 	0.54 	0.64 	0.55 
ICCS0101,P_HTHAB,SK	0.89 	1.33 	1.44 	1.39 	1.78 	1.65 	1.56 	1.75 
ICCS0101,P_HTHAB,TR	: 	: 	: 	2.42 	2.29 	2.43 	2.92 	: 
ICCS0101,P_HTHAB,UKC-L	: 	0.91 	0.92 	0.97 	0.94 	1.14 	1.08 	1.17 
ICCS0101,P_HTHAB,UKM	: 	1.11 	1.15 	1.19 	1.76 	1.91 	1.61 	1.83 
ICCS0101,P_HTHAB,UKN	1.25 	0.93 	1.09 	1.15 	1.27 	1.28 	1.62 	1.36 
ICCS0101,P_HTHAB,XK	: 	: 	: 	: 	3.46 	4.80 	3.35 	5.25 
ICCS0102,NR,AL	138 	181 	206 	220 	214 	211 	231 	242 
ICCS0102,NR,AT	96 	69 	105 	109 	105 	112 	102 	58 
ICCS0102,NR,BA	54 	70 	59 	47 	50 	67 	: 	92 
ICCS0102,NR,BE	865 	844 	808 	836 	857 	762 	745 	681 
ICCS0102,NR,BG	33 	46 	67 	45 	61 	62 	66 	60 
ICCS0102,NR,CH	141 	132 	152 	184 	184 	187 	185 	111 
ICCS0102,NR,CY	11 	10 	8 	12 	13 	11 	19 	13 
ICCS0102,NR,CZ	71 	79 	91 	93 	90 	68 	76 	89 
ICCS0102,NR,DE	1551 	1625 	1591 	1588 	1560 	1617 	1649 	1610 
ICCS0102,NR,DK	141 	148 	165 	142 	148 	152 	: 	: 
ICCS0102,NR,EE	8 	14 	10 	17 	35 	14 	25 	20 
ICCS0102,NR,EL	169 	155 	177 	185 	182 	193 	187 	165 
ICCS0102,NR,ES	715 	725 	662 	761 	817 	765 	831 	887 
ICCS0102,NR,FI	299 	327 	264 	349 	308 	307 	366 	363 
ICCS0102,NR,FR	1869 	1474 	1306 	1403 	1203 	1071 	948 	1060 
ICCS0102,NR,HR	105 	113 	126 	101 	123 	125 	: 	: 
ICCS0102,NR,HU	86 	106 	105 	108 	133 	143 	136 	145 
ICCS0102,NR,IS	1 	5 	5 	6 	3 	4 	4 	: 
ICCS0102,NR,IT	1203 	1218 	1588 	1327 	1399 	1309 	1346 	1621 
ICCS0102,NR,LI	0 	0 	0 	0 	3 	0 	0 	1 
ICCS0102,NR,LT	21 	19 	14 	18 	23 	18 	19 	15 
ICCS0102,NR,LU	65 	84 	84 	110 	89 	77 	79 	84 
ICCS0102,NR,LV	2 	4 	5 	13 	22 	13 	0 	20 
ICCS0102,NR,ME	40 	54 	40 	16 	17 	42 	41 	18 
ICCS0102,NR,MK	: 	56 	52 	48 	39 	38 	46 	41 
ICCS0102,NR,MT	1 	5 	3 	6 	6 	4 	6 	5 
ICCS0102,NR,NL	: 	: 	3260 	3615 	3957 	3841 	3041 	1500 
ICCS0102,NR,NO	: 	60 	57 	50 	39 	47 	46 	49 
ICCS0102,NR,PL	216 	249 	277 	214 	219 	254 	: 	: 
ICCS0102,NR,RO	482 	492 	595 	591 	502 	513 	387 	410 
ICCS0102,NR,RS	139 	172 	216 	203 	186 	204 	211 	204 
ICCS0102,NR,SI	26 	16 	28 	30 	34 	31 	38 	19 
ICCS0102,NR,SK	0 	-14 	0 	0 	0 	0 	0 	0 
ICCS0102,NR,UKM	: 	260 	340 	403 	542 	518 	614 	698 
ICCS0102,NR,UKN	112 	111 	102 	116 	111 	118 	114 	121 
ICCS0102,NR,XK	155 	163 	168 	161 	197 	151 	183 	157 
ICCS0102,P_HTHAB,AL	: 	: 	: 	: 	7.56 	: 	7.25 	7.63 
ICCS0102,P_HTHAB,AT	1.12 	0.81 	1.24 	1.30 	1.25 	1.34 	1.22 	0.70 
ICCS0102,P_HTHAB,BA	: 	: 	: 	1.22 	1.30 	1.74 	: 	2.39 
ICCS0102,P_HTHAB,BE	7.70 	7.55 	7.24 	7.54 	7.79 	7.03 	6.93 	6.38 
ICCS0102,P_HTHAB,BG	0.46 	0.63 	0.92 	0.61 	0.83 	0.84 	0.88 	0.80 
ICCS0102,P_HTHAB,CH	1.71 	1.62 	1.89 	2.31 	2.34 	2.40 	2.40 	1.46 
ICCS0102,P_HTHAB,CY	1.30 	1.17 	0.92 	1.39 	1.55 	1.34 	2.38 	1.67 
ICCS0102,P_HTHAB,CZ	0.67 	0.75 	0.87 	0.89 	0.86 	0.65 	0.73 	0.86 
ICCS0102,P_HTHAB,DE	1.91 	2.01 	1.98 	1.98 	1.94 	1.98 	2.01 	1.96 
ICCS0102,P_HTHAB,DK	2.49 	2.63 	2.95 	2.54 	2.66 	2.75 	: 	: 
ICCS0102,P_HTHAB,EE	0.61 	1.06 	0.76 	1.28 	2.63 	1.05 	1.87 	1.49 
ICCS0102,P_HTHAB,EL	1.56 	1.42 	1.61 	1.67 	1.64 	1.74 	1.69 	1.48 
ICCS0102,P_HTHAB,ES	1.54 	1.56 	1.42 	1.63 	1.75 	1.65 	1.80 	1.94 
ICCS0102,P_HTHAB,FI	5.46 	6.00 	4.86 	6.46 	5.73 	5.74 	6.87 	6.85 
ICCS0102,P_HTHAB,FR	2.81 	2.24 	1.99 	2.15 	1.85 	1.66 	1.47 	1.66 
ICCS0102,P_HTHAB,HR	2.49 	2.66 	2.96 	2.36 	2.87 	2.91 	: 	: 
ICCS0102,P_HTHAB,HU	0.87 	1.07 	1.06 	1.09 	1.33 	1.43 	1.36 	1.44 
ICCS0102,P_HTHAB,IS	0.30 	1.54 	1.55 	1.88 	0.94 	1.26 	1.25 	: 
ICCS0102,P_HTHAB,IT	1.98 	2.00 	2.66 	2.23 	2.36 	2.21 	2.28 	2.76 
ICCS0102,P_HTHAB,LI	0.00 	0.00 	0.00 	0.00 	8.30 	0.00 	0.00 	2.83 
ICCS0102,P_HTHAB,LT	0.72 	0.65 	0.47 	0.60 	0.75 	0.57 	0.60 	0.47 
ICCS0102,P_HTHAB,LU	11.55 	15.28 	15.64 	20.96 	17.39 	15.34 	16.01 	17.36 
ICCS0102,P_HTHAB,LV	0.10 	0.20 	0.25 	0.64 	1.06 	0.61 	0.00 	0.91 
ICCS0102,P_HTHAB,ME	6.43 	8.69 	6.44 	2.58 	2.74 	6.79 	6.64 	2.92 
ICCS0102,P_HTHAB,MK	: 	2.71 	2.52 	2.33 	1.90 	1.85 	2.25 	2.00 
ICCS0102,P_HTHAB,MT	0.23 	1.18 	0.71 	1.44 	1.45 	0.97 	1.46 	1.23 
ICCS0102,P_HTHAB,NL	: 	: 	19.43 	21.61 	23.76 	23.17 	18.45 	9.14 
ICCS0102,P_HTHAB,NO	: 	1.17 	1.13 	1.00 	0.79 	0.97 	0.96 	1.03 
ICCS0102,P_HTHAB,PL	0.57 	0.65 	0.73 	0.56 	0.58 	0.67 	: 	: 
ICCS0102,P_HTHAB,RO	2.43 	2.47 	2.97 	2.94 	2.34 	2.39 	1.89 	1.99 
ICCS0102,P_HTHAB,RS	1.95 	2.41 	3.01 	2.81 	2.56 	2.79 	2.88 	2.77 
ICCS0102,P_HTHAB,SI	1.26 	0.78 	1.36 	1.46 	1.66 	1.51 	1.87 	0.95 
ICCS0102,P_HTHAB,SK	0.00 	-0.26 	0.00 	0.00 	0.00 	0.00 	0.00 	0.00 
ICCS0102,P_HTHAB,UKM	: 	4.87 	6.39 	7.59 	10.26 	9.87 	11.77 	13.46 
ICCS0102,P_HTHAB,UKN	6.06 	6.04 	5.58 	6.38 	6.13 	6.56 	6.38 	6.83 
ICCS0102,P_HTHAB,XK	: 	: 	: 	: 	10.98 	6.84 	8.39 	7.29 
ICCS02011,NR,AL	169 	132 	163 	156 	169 	178 	379 	363 
ICCS02011,NR,AT	3461 	3640 	3734 	4030 	3897 	3606 	4023 	3945 
ICCS02011,NR,BA	992 	592 	577 	618 	652 	505 	: 	1474 
ICCS02011,NR,BE	67790 	70238 	69746 	72312 	78778 	77758 	77665 	76314 
ICCS02011,NR,BG	2520 	2533 	2470 	2410 	2462 	3038 	3122 	3216 
ICCS02011,NR,CH	616 	609 	568 	597 	487 	487 	524 	8893 
ICCS02011,NR,CY	141 	134 	132 	148 	164 	173 	219 	167 
ICCS02011,NR,CZ	15669 	16949 	18689 	18358 	19409 	18073 	16887 	17875 
ICCS02011,NR,DE	127395 	125752 	127869 	136077 	139091 	142903 	149301 	518499 
ICCS02011,NR,DK	1460 	1533 	1503 	9557 	1696 	1753 	1603 	1663 
ICCS02011,NR,EE	98 	77 	99 	99 	104 	103 	106 	140 
ICCS02011,NR,EL	1624 	1459 	1610 	1692 	1425 	1101 	7869 	8008 
ICCS02011,NR,ES	29056 	16776 	16701 	17353 	18290 	25077 	80910 	72803 
ICCS02011,NR,FI	1544 	1634 	1779 	1856 	2035 	1974 	2083 	2228 
ICCS02011,NR,FR	244141.02 	237915.5 	233304.05 	231733.31 	231306.5 	231909.06 	220126 	187937 
ICCS02011,NR,HR	804 	766 	823 	903 	873 	986 	1059 	1128 
ICCS02011,NR,HU	12595 	13475 	13377 	13973 	14212 	14569 	12787 	12757 
ICCS02011,NR,IE	14881 	13525 	12644 	13566 	14709 	15038 	15580 	16186 
ICCS02011,NR,IS	85 	101 	92 	74 	60 	57 	79 	77 
ICCS02011,NR,IT	64042 	66178 	66317 	69527 	68500 	64866 	65611 	65791 
ICCS02011,NR,LI	123 	120 	103 	69 	78 	77 	90 	88 
ICCS02011,NR,LT	214 	204 	211 	178 	206 	245 	220 	251 
ICCS02011,NR,LU	608 	728 	713 	677 	681 	596 	2350 	2317 
ICCS02011,NR,LV	534 	569 	458 	1325 	1161 	1226 	1215 	1346 
ICCS02011,NR,ME	140 	129 	173 	168 	161 	193 	186 	196 
ICCS02011,NR,MK	: 	215 	216 	211 	239 	248 	228 	213 
ICCS02011,NR,MT	183 	160 	218 	174 	181 	180 	173 	196 
ICCS02011,NR,NL	47695 	50350 	52850 	57300 	59425 	60280 	65690 	69005 
ICCS02011,NR,NO	: 	2377 	2566 	2781 	2837 	2925 	3093 	3279 
ICCS02011,NR,PL	5520 	7128 	8571 	9721 	10703 	11011 	12559 	: 
ICCS02011,NR,PT	469 	542 	508 	701 	812 	863 	33205 	33494 
ICCS02011,NR,RO	299 	2279 	17572 	17219 	12299 	12301 	9072 	9457 
ICCS02011,NR,RS	1142 	1147 	1286 	1323 	1309 	1391 	1442 	1582 
ICCS02011,NR,SE	4632 	4570 	4659 	5338 	5684 	5594 	86281 	84566 
ICCS02011,NR,SI	1540 	1657 	1849 	2032 	1974 	2182 	2177 	2135 
ICCS02011,NR,SK	1900 	1957 	2017 	2183 	2227 	2426 	2618 	2702 
ICCS02011,NR,TR	: 	: 	: 	262330 	238395 	220882 	194059 	: 
ICCS02011,NR,UKC-L	429260 	372731 	321535 	310953 	336867 	366878 	399713 	419119 
ICCS02011,NR,UKM	: 	3166 	3268 	3643 	4693 	5493 	5621 	79892 
ICCS02011,NR,UKN	1206 	1172 	1093 	1278 	1446 	1451 	1605 	1549 
ICCS02011,NR,XK	890 	911 	653 	3805 	3743 	3760 	3539 	3376 
ICCS02011,P_HTHAB,AL	: 	: 	: 	: 	5.97 	: 	11.90 	11.45 
ICCS02011,P_HTHAB,AT	40.36 	42.79 	44.18 	47.93 	46.53 	43.18 	48.27 	47.48 
ICCS02011,P_HTHAB,BA	: 	: 	: 	16.10 	16.97 	13.14 	: 	38.35 
ICCS02011,P_HTHAB,BE	603.26 	628.20 	624.87 	651.76 	716.12 	717.33 	722.26 	715.43 
ICCS02011,P_HTHAB,BG	34.99 	34.96 	33.91 	32.89 	33.41 	40.93 	41.81 	42.78 
ICCS02011,P_HTHAB,CH	7.48 	7.48 	7.07 	7.51 	6.19 	6.25 	6.80 	117.11 
ICCS02011,P_HTHAB,CY	16.65 	15.62 	15.24 	17.17 	19.53 	21.12 	27.48 	21.51 
ICCS02011,P_HTHAB,CZ	148.69 	161.23 	177.72 	174.75 	185.08 	172.75 	161.97 	172.82 
ICCS02011,P_HTHAB,DE	156.90 	155.70 	158.80 	169.40 	173.38 	174.69 	182.07 	630.64 
ICCS02011,P_HTHAB,DK	25.80 	27.24 	26.83 	171.26 	30.50 	31.67 	29.08 	30.37 
ICCS02011,P_HTHAB,EE	7.45 	5.85 	7.50 	7.47 	7.82 	7.73 	7.94 	10.46 
ICCS02011,P_HTHAB,EL	14.96 	13.35 	14.63 	15.26 	12.81 	9.90 	70.93 	71.61 
ICCS02011,P_HTHAB,ES	62.55 	36.07 	35.74 	37.06 	39.19 	53.94 	174.98 	159.41 
ICCS02011,P_HTHAB,FI	28.22 	29.97 	32.78 	34.36 	37.86 	36.89 	39.11 	42.03 
ICCS02011,P_HTHAB,FR	367.19 	360.79 	355.64 	355.00 	355.97 	358.67 	342.07 	293.62 
ICCS02011,P_HTHAB,HR	19.03 	18.04 	19.31 	21.12 	20.35 	22.92 	24.57 	26.16 
ICCS02011,P_HTHAB,HU	127.80 	136.42 	135.00 	140.69 	142.32 	145.48 	127.48 	126.99 
ICCS02011,P_HTHAB,IE	321.48 	293.67 	275.40 	296.03 	321.80 	330.55 	344.59 	363.10 
ICCS02011,P_HTHAB,IS	25.83 	31.01 	28.58 	23.16 	18.84 	17.95 	24.74 	24.41 
ICCS02011,P_HTHAB,IT	105.34 	108.88 	111.11 	117.06 	115.39 	109.59 	111.20 	112.17 
ICCS02011,P_HTHAB,LI	329.18 	323.20 	279.60 	189.17 	215.77 	214.52 	252.89 	248.90 
ICCS02011,P_HTHAB,LT	7.33 	6.93 	7.10 	5.93 	6.75 	7.80 	6.91 	7.81 
ICCS02011,P_HTHAB,LU	108.00 	132.44 	132.77 	128.99 	133.05 	118.71 	476.19 	478.92 
ICCS02011,P_HTHAB,LV	26.89 	28.43 	22.63 	64.80 	55.96 	57.82 	56.18 	61.41 
ICCS02011,P_HTHAB,ME	22.50 	20.76 	27.86 	27.08 	25.97 	31.18 	30.14 	31.84 
ICCS02011,P_HTHAB,MK	: 	10.41 	10.47 	10.24 	11.62 	12.08 	11.13 	10.41 
ICCS02011,P_HTHAB,MT	42.62 	37.61 	51.74 	41.67 	43.62 	43.48 	42.10 	48.06 
ICCS02011,P_HTHAB,NL	282.21 	299.18 	314.97 	342.49 	356.78 	363.68 	398.46 	420.62 
ICCS02011,P_HTHAB,NO	: 	46.54 	50.80 	55.78 	57.66 	60.21 	64.45 	69.22 
ICCS02011,P_HTHAB,PL	14.52 	18.75 	22.52 	25.54 	28.12 	28.96 	32.93 	: 
ICCS02011,P_HTHAB,PT	4.52 	5.20 	4.84 	6.65 	7.68 	8.16 	314.35 	317.38 
ICCS02011,P_HTHAB,RO	1.50 	11.43 	87.77 	85.68 	57.43 	57.31 	44.38 	45.83 
ICCS02011,P_HTHAB,RS	16.05 	16.05 	17.91 	18.33 	18.05 	19.04 	19.66 	21.48 
ICCS02011,P_HTHAB,SE	47.52 	47.38 	48.76 	56.29 	60.37 	59.89 	932.13 	920.90 
ICCS02011,P_HTHAB,SI	74.65 	80.39 	89.81 	98.86 	96.28 	106.60 	107.12 	106.20 
ICCS02011,P_HTHAB,SK	35.05 	36.13 	37.28 	40.39 	41.30 	45.01 	48.64 	50.26 
ICCS02011,P_HTHAB,TR	: 	: 	: 	351.06 	323.37 	304.41 	271.35 	: 
ICCS02011,P_HTHAB,UKC-L	744.32 	651.90 	566.50 	551.63 	602.28 	661.46 	726.23 	767.40 
ICCS02011,P_HTHAB,UKM	: 	59.32 	61.43 	68.65 	88.87 	104.70 	107.75 	1540.54 
ICCS02011,P_HTHAB,UKN	65.29 	63.79 	59.84 	70.26 	79.91 	80.66 	89.86 	87.50 
ICCS02011,P_HTHAB,XK	: 	: 	: 	: 	208.62 	170.28 	162.29 	156.79 
ICCS020221,NR,AL	8 	2 	5 	2 	2 	9 	5 	10 
ICCS020221,NR,AT	3 	1 	4 	11 	5 	9 	5 	11 
ICCS020221,NR,BA	0 	3 	5 	2 	1 	1 	6 	8 
ICCS020221,NR,BE	1143 	1146 	1163 	1185 	1194 	1122 	1080 	1013 
ICCS020221,NR,BG	74 	95 	87 	75 	77 	118 	142 	127 
ICCS020221,NR,CH	4 	1 	3 	5 	4 	0 	359 	309 
ICCS020221,NR,CY	24 	21 	19 	30 	25 	27 	26 	12 
ICCS020221,NR,CZ	4 	12 	11 	8 	8 	10 	7 	8 
ICCS020221,NR,DE	4789 	5011 	4964 	5183 	4922 	4897 	5126 	1857 
ICCS020221,NR,EE	0 	0 	1 	0 	3 	0 	0 	2 
ICCS020221,NR,EL	89 	58 	95 	139 	158 	173 	16 	30 
ICCS020221,NR,ES	93 	99 	121 	118 	111 	127 	171 	237 
ICCS020221,NR,FI	1 	1 	1 	1 	3 	1 	3 	0 
ICCS020221,NR,FR	3985 	2956 	2266 	2117 	2234 	2092 	2085 	2074 
ICCS020221,NR,HR	0 	1 	1 	6 	6 	13 	12 	16 
ICCS020221,NR,HU	11 	3 	7 	9 	12 	18 	14 	11 
ICCS020221,NR,IE	153 	124 	124 	101 	109 	134 	146 	77 
ICCS020221,NR,IT	287 	297 	325 	341 	356 	351 	349 	325 
ICCS020221,NR,LI	0 	0 	0 	0 	0 	0 	0 	0 
ICCS020221,NR,LT	49 	44 	46 	65 	48 	69 	59 	61 
ICCS020221,NR,LU	53 	52 	48 	57 	47 	27 	40 	33 
ICCS020221,NR,LV	17 	17 	18 	1 	7 	8 	9 	3 
ICCS020221,NR,ME	0 	0 	1 	0 	3 	2 	3 	3 
ICCS020221,NR,MK	: 	8 	18 	19 	14 	17 	16 	14 
ICCS020221,NR,MT	0 	0 	0 	0 	0 	0 	0 	0 
ICCS020221,NR,NL	415 	405 	510 	585 	560 	645 	625 	760 
ICCS020221,NR,PL	246 	287 	272 	316 	11 	26 	59 	37 
ICCS020221,NR,PT	369 	376 	432 	419 	507 	501 	539 	492 
ICCS020221,NR,RO	295 	290 	310 	391 	307 	321 	: 	265 
ICCS020221,NR,RS	14 	11 	9 	11 	9 	20 	24 	16 
ICCS020221,NR,SI	3 	5 	4 	4 	2 	4 	2 	7 
ICCS020221,NR,SK	1 	10 	4 	7 	4 	4 	6 	3 
ICCS020221,NR,TR	: 	: 	: 	13431 	13584 	13586 	12700 	: 
ICCS020221,NR,UKC-L	3012 	2194 	1728 	1388 	1516 	1717 	1860 	2035 
ICCS020221,NR,UKM	: 	234 	254 	227 	219 	260 	269 	319 
ICCS020221,NR,UKN	65 	44 	59 	45 	66 	56 	82 	83 
ICCS020221,NR,XK	25 	22 	34 	33 	31 	43 	50 	46 
ICCS020221,P_HTHAB,AL	: 	: 	: 	: 	0.07 	: 	0.16 	0.32 
ICCS020221,P_HTHAB,AT	0.03 	0.01 	0.05 	0.13 	0.06 	0.11 	0.06 	0.13 
ICCS020221,P_HTHAB,BA	: 	: 	: 	0.05 	0.03 	0.03 	0.16 	0.21 
ICCS020221,P_HTHAB,BE	10.17 	10.25 	10.42 	10.68 	10.85 	10.35 	10.04 	9.50 
ICCS020221,P_HTHAB,BG	1.03 	1.31 	1.19 	1.02 	1.04 	1.59 	1.90 	1.69 
ICCS020221,P_HTHAB,CH	0.05 	0.01 	0.04 	0.06 	0.05 	0.00 	4.66 	4.07 
ICCS020221,P_HTHAB,CY	2.83 	2.45 	2.19 	3.48 	2.98 	3.30 	3.26 	1.55 
ICCS020221,P_HTHAB,CZ	0.04 	0.11 	0.10 	0.08 	0.08 	0.10 	0.07 	0.08 
ICCS020221,P_HTHAB,DE	5.90 	6.20 	6.16 	6.45 	6.14 	5.99 	6.25 	2.26 
ICCS020221,P_HTHAB,EE	0.00 	0.00 	0.08 	0.00 	0.23 	0.00 	0.00 	0.15 
ICCS020221,P_HTHAB,EL	0.82 	0.53 	0.86 	1.25 	1.42 	1.56 	0.14 	0.27 
ICCS020221,P_HTHAB,ES	0.20 	0.21 	0.26 	0.25 	0.24 	0.27 	0.37 	0.52 
ICCS020221,P_HTHAB,FI	0.02 	0.02 	0.02 	0.02 	0.06 	0.02 	0.06 	0.00 
ICCS020221,P_HTHAB,FR	5.99 	4.48 	3.45 	3.24 	3.44 	3.24 	3.24 	3.24 
ICCS020221,P_HTHAB,HR	0.00 	0.02 	0.02 	0.14 	0.14 	0.30 	0.28 	0.37 
ICCS020221,P_HTHAB,HU	0.11 	0.03 	0.07 	0.09 	0.12 	0.18 	0.14 	0.11 
ICCS020221,P_HTHAB,IE	3.31 	2.69 	2.70 	2.20 	2.38 	2.95 	3.23 	1.73 
ICCS020221,P_HTHAB,IT	0.47 	0.49 	0.54 	0.57 	0.60 	0.59 	0.59 	0.55 
ICCS020221,P_HTHAB,LI	0.00 	0.00 	0.00 	0.00 	0.00 	0.00 	0.00 	0.00 
ICCS020221,P_HTHAB,LT	1.68 	1.49 	1.55 	2.16 	1.57 	2.20 	1.85 	1.90 
ICCS020221,P_HTHAB,LU	9.41 	9.46 	8.94 	10.86 	9.18 	5.38 	8.11 	6.82 
ICCS020221,P_HTHAB,LV	0.86 	0.85 	0.89 	0.05 	0.34 	0.38 	0.42 	0.14 
ICCS020221,P_HTHAB,ME	0.00 	0.00 	0.16 	0.00 	0.48 	0.32 	0.49 	0.49 
ICCS020221,P_HTHAB,MK	: 	0.39 	0.87 	0.92 	0.68 	0.83 	0.78 	0.68 
ICCS020221,P_HTHAB,MT	0.00 	0.00 	0.00 	0.00 	0.00 	0.00 	0.00 	0.00 
ICCS020221,P_HTHAB,NL	2.46 	2.41 	3.04 	3.50 	3.36 	3.89 	3.79 	4.63 
ICCS020221,P_HTHAB,PL	0.65 	0.75 	0.71 	0.83 	0.03 	0.07 	0.15 	0.10 
ICCS020221,P_HTHAB,PT	3.56 	3.61 	4.12 	3.97 	4.80 	4.74 	5.10 	4.66 
ICCS020221,P_HTHAB,RO	1.48 	1.45 	1.55 	1.95 	1.43 	1.50 	: 	1.28 
ICCS020221,P_HTHAB,RS	0.20 	0.15 	0.13 	0.15 	0.12 	0.27 	0.33 	0.22 
ICCS020221,P_HTHAB,SI	0.15 	0.24 	0.19 	0.19 	0.10 	0.20 	0.10 	0.35 
ICCS020221,P_HTHAB,SK	0.02 	0.18 	0.07 	0.13 	0.07 	0.07 	0.11 	0.06 
ICCS020221,P_HTHAB,TR	: 	: 	: 	17.97 	18.43 	18.72 	17.76 	: 
ICCS020221,P_HTHAB,UKC-L	5.22 	3.84 	3.04 	2.46 	2.71 	3.10 	3.38 	3.73 
ICCS020221,P_HTHAB,UKM	: 	4.38 	4.77 	4.28 	4.15 	4.96 	5.16 	6.15 
ICCS020221,P_HTHAB,UKN	3.52 	2.39 	3.23 	2.47 	3.65 	3.11 	4.59 	4.69 
ICCS020221,P_HTHAB,XK	: 	: 	: 	: 	1.73 	1.95 	2.29 	2.14 
ICCS0301,NR,AL	149 	97 	89 	47 	44 	60 	63 	57 
ICCS0301,NR,AT	3479 	3564 	3780 	4040 	3957 	3496 	3836 	4185 
ICCS0301,NR,BA	165 	134 	: 	: 	: 	: 	: 	: 
ICCS0301,NR,BE	10273 	11404 	11399 	10736 	11300 	10923 	10609 	10779 
ICCS0301,NR,BG	603 	610 	632 	686 	649 	696 	726 	749 
ICCS0301,NR,CH	2710 	2747 	2696 	2581 	2816 	2492 	6648 	: 
ICCS0301,NR,CY	100 	51 	47 	69 	77 	79 	78 	97 
ICCS0301,NR,CZ	1419 	1429 	1417 	1410 	1456 	1337 	1730 	1680 
ICCS0301,NR,DE	34265 	34959 	35330 	36277 	36354 	36566 	49084 	56784 
ICCS0301,NR,DK	2176 	1908 	1843 	1904 	1866 	2010 	1671 	1812 
ICCS0301,NR,EE	284 	199 	240 	248 	180 	178 	254 	268 
ICCS0301,NR,EL	504 	589 	860 	821 	535 	901 	924 	682 
ICCS0301,NR,ES	9869 	9468 	8923 	9008 	9892 	9954 	9723 	10888 
ICCS0301,NR,FI	2789 	2825 	2988 	3234 	3159 	2384 	2099 	2711 
ICCS0301,NR,FR	32941 	30959 	27778 	26783 	23871 	22963 	23253 	24031 
ICCS0301,NR,HR	605 	604 	576 	343 	378 	397 	664 	765 
ICCS0301,NR,HU	619 	545 	679 	694 	629 	677 	656 	464 
ICCS0301,NR,IE	2146 	1901 	1884 	1977 	1839 	2189 	1343 	1251 
ICCS0301,NR,LI	17 	19 	42 	: 	: 	: 	: 	: 
ICCS0301,NR,LT	373 	401 	352 	441 	529 	514 	362 	368 
ICCS0301,NR,LU	356 	435 	405 	398 	354 	326 	360 	: 
ICCS0301,NR,LV	271 	444 	377 	: 	: 	: 	: 	: 
ICCS0301,NR,ME	26 	31 	23 	24 	24 	44 	47 	40 
ICCS0301,NR,MK	: 	: 	151 	: 	: 	: 	: 	: 
ICCS0301,NR,MT	104 	77 	94 	82 	69 	91 	82 	80 
ICCS0301,NR,NL	7355 	7950 	8330 	8880 	9195 	9610 	10245 	10495 
ICCS0301,NR,NO	: 	3112 	2501 	2626 	2661 	2451 	2410 	2296 
ICCS0301,NR,PL	1764 	2406 	1903 	: 	: 	: 	: 	: 
ICCS0301,NR,PT	2579 	2475 	2238 	2134 	2182 	2206 	2556 	2251 
ICCS0301,NR,RO	1660 	1516 	1723 	1541 	1325 	1486 	1605 	1566 
ICCS0301,NR,RS	339 	371 	321 	395 	457 	453 	412 	400 
ICCS0301,NR,SE	17318 	19512 	16902 	16174 	16095 	15537 	14998 	14058 
ICCS0301,NR,SI	258 	296 	378 	367 	471 	466 	456 	383 
ICCS0301,NR,SK	645 	766 	: 	: 	: 	: 	: 	: 
ICCS0301,NR,UKC-L	: 	64544 	47140 	38930 	38298 	39114 	37307 	35310 
ICCS0301,NR,UKM	: 	8712 	7658 	6734 	6232 	5232 	4850 	4811 
ICCS0301,NR,UKN	2873 	2550 	2109 	1859 	1840 	1868 	1769 	1777 
ICCS0301,NR,XK	196 	203 	147 	142 	125 	122 	137 	161 
ICCS0301,P_HTHAB,AL	: 	: 	: 	: 	1.55 	: 	1.98 	1.80 
ICCS0301,P_HTHAB,AT	40.57 	41.90 	44.72 	48.05 	47.25 	41.86 	46.02 	50.37 
ICCS0301,P_HTHAB,BE	91.42 	102.00 	102.13 	96.77 	102.72 	100.77 	98.66 	101.05 
ICCS0301,P_HTHAB,BG	8.37 	8.42 	8.68 	9.36 	8.81 	9.38 	9.72 	9.96 
ICCS0301,P_HTHAB,CH	32.90 	33.75 	33.54 	32.45 	35.78 	32.01 	86.32 	: 
ICCS0301,P_HTHAB,CY	11.81 	5.94 	5.43 	8.00 	9.17 	9.64 	9.79 	12.49 
ICCS0301,P_HTHAB,CZ	13.47 	13.59 	13.47 	13.42 	13.88 	12.78 	16.59 	16.24 
ICCS0301,P_HTHAB,DE	42.20 	43.28 	43.88 	45.16 	45.32 	44.70 	59.86 	69.07 
ICCS0301,P_HTHAB,DK	38.45 	33.91 	32.90 	34.12 	33.56 	36.32 	30.32 	33.09 
ICCS0301,P_HTHAB,EE	21.60 	15.12 	18.18 	18.71 	13.54 	13.35 	19.02 	20.02 
ICCS0301,P_HTHAB,EL	4.64 	5.39 	7.82 	7.41 	4.81 	8.10 	8.33 	6.10 
ICCS0301,P_HTHAB,ES	21.25 	20.36 	19.10 	19.24 	21.20 	21.41 	21.03 	23.84 
ICCS0301,P_HTHAB,FI	50.97 	51.82 	55.06 	59.87 	58.77 	44.55 	39.41 	51.15 
ICCS0301,P_HTHAB,FR	49.54 	46.95 	42.34 	41.03 	36.74 	35.51 	36.14 	37.54 
ICCS0301,P_HTHAB,HR	14.32 	14.22 	13.51 	8.02 	8.81 	9.23 	15.41 	17.74 
ICCS0301,P_HTHAB,HU	6.28 	5.52 	6.85 	6.99 	6.30 	6.76 	6.54 	4.62 
ICCS0301,P_HTHAB,IE	46.36 	41.28 	41.04 	43.14 	40.23 	48.12 	29.70 	28.06 
ICCS0301,P_HTHAB,LI	45.50 	51.17 	114.01 	: 	: 	: 	: 	: 
ICCS0301,P_HTHAB,LT	12.77 	13.62 	11.84 	14.68 	17.33 	16.36 	11.37 	11.45 
ICCS0301,P_HTHAB,LU	63.24 	79.14 	75.41 	75.83 	69.16 	64.93 	72.95 	: 
ICCS0301,P_HTHAB,LV	13.64 	22.18 	18.63 	: 	: 	: 	: 	: 
ICCS0301,P_HTHAB,ME	4.18 	4.99 	3.70 	3.87 	3.87 	7.11 	7.62 	6.50 
ICCS0301,P_HTHAB,MK	: 	: 	7.32 	: 	: 	: 	: 	: 
ICCS0301,P_HTHAB,MT	24.22 	18.10 	22.31 	19.64 	16.63 	21.98 	19.95 	19.62 
ICCS0301,P_HTHAB,NL	43.52 	47.24 	49.64 	53.08 	55.21 	57.98 	62.14 	63.97 
ICCS0301,P_HTHAB,NO	: 	60.92 	49.51 	52.67 	54.08 	50.45 	50.22 	48.47 
ICCS0301,P_HTHAB,PL	4.64 	6.33 	5.00 	: 	: 	: 	: 	: 
ICCS0301,P_HTHAB,PT	24.86 	23.74 	21.34 	20.24 	20.64 	20.86 	24.20 	21.33 
ICCS0301,P_HTHAB,RO	8.35 	7.60 	8.61 	7.67 	6.19 	6.92 	7.85 	7.59 
ICCS0301,P_HTHAB,RS	4.76 	5.19 	4.47 	5.47 	6.30 	6.20 	5.62 	5.43 
ICCS0301,P_HTHAB,SE	177.67 	202.30 	176.88 	170.56 	170.94 	166.34 	162.03 	153.09 
ICCS0301,P_HTHAB,SI	12.51 	14.36 	18.36 	17.85 	22.97 	22.77 	22.44 	19.05 
ICCS0301,P_HTHAB,SK	11.90 	14.14 	: 	: 	: 	: 	: 	: 
ICCS0301,P_HTHAB,UKC-L	: 	112.89 	83.05 	69.06 	68.47 	70.52 	67.78 	64.65 
ICCS0301,P_HTHAB,UKM	: 	163.22 	143.94 	126.91 	118.02 	99.72 	92.97 	86.98 
ICCS0301,P_HTHAB,UKN	155.54 	138.79 	115.46 	102.20 	101.68 	103.83 	99.04 	100.37 
ICCS0301,P_HTHAB,XK	: 	: 	: 	: 	6.97 	5.53 	6.28 	7.48 
ICCS03011,NR,AL	56 	41 	39 	24 	22 	24 	34 	39 
ICCS03011,NR,AT	1130 	1164 	1295 	1256 	1314 	1221 	779 	693 
ICCS03011,NR,BA	36 	27 	35 	41 	35 	46 	29 	35 
ICCS03011,NR,BE	2865 	3070 	3345 	3405 	3397 	3308 	3152 	3231 
ICCS03011,NR,BG	119 	148 	164 	187 	157 	211 	246 	262 
ICCS03011,NR,CH	532 	556 	571 	569 	552 	543 	666 	612 
ICCS03011,NR,CY	20 	14 	18 	25 	38 	36 	27 	34 
ICCS03011,NR,CZ	598 	669 	589 	669 	675 	586 	480 	529 
ICCS03011,NR,DE	7022 	7345 	7408 	8031 	7539 	7724 	7314 	7292 
ICCS03011,NR,DK	1051 	837 	839 	869 	853 	954 	878 	975 
ICCS03011,NR,EE	161 	147 	135 	143 	91 	81 	124 	160 
ICCS03011,NR,EL	122 	134 	149 	167 	172 	215 	213 	232 
ICCS03011,NR,ES	1229 	1239 	1298 	1280 	1513 	1578 	2051 	2437 
ICCS03011,NR,FI	1052 	1009 	975 	1009 	1039 	818 	660 	915 
ICCS03011,NR,FR	12956 	12157 	11171 	10885 	10406 	10108 	9842 	10277 
ICCS03011,NR,HR	258 	335 	274 	126 	122 	141 	129 	188 
ICCS03011,NR,HU	378 	318 	248 	192 	196 	246 	228 	214 
ICCS03011,NR,IE	538 	476 	451 	519 	463 	478 	329 	348 
ICCS03011,NR,IS	178 	129 	180 	122 	128 	98 	78 	68 
ICCS03011,NR,LI	1 	5 	3 	4 	2 	0 	0 	3 
ICCS03011,NR,LT	155 	158 	133 	178 	191 	208 	149 	164 
ICCS03011,NR,LU	68 	73 	89 	76 	70 	66 	56 	57 
ICCS03011,NR,LV	60 	75 	73 	64 	50 	78 	69 	100 
ICCS03011,NR,ME	5 	5 	4 	3 	3 	5 	9 	17 
ICCS03011,NR,MK	: 	45 	38 	43 	41 	28 	37 	41 
ICCS03011,NR,MT	23 	11 	15 	13 	18 	11 	12 	19 
ICCS03011,NR,NL	1195 	1180 	1210 	1410 	1605 	1660 	1920 	1945 
ICCS03011,NR,NO	: 	1127 	1136 	1116 	1075 	938 	998 	944 
ICCS03011,NR,PL	1233 	1893 	1362 	1432 	1498 	1567 	1530 	1611 
ICCS03011,NR,PT	375 	374 	345 	375 	374 	424 	377 	314 
ICCS03011,NR,RO	1016 	875 	978 	895 	780 	897 	1007 	1016 
ICCS03011,NR,RS	61 	65 	70 	85 	79 	72 	111 	123 
ICCS03011,NR,SE	5544 	6294 	5634 	5949 	6059 	5479 	5453 	4901 
ICCS03011,NR,SI	42 	44 	53 	58 	55 	63 	79 	57 
ICCS03011,NR,SK	87 	87 	91 	88 	150 	117 	142 	152 
ICCS03011,NR,UKC-L	35798 	29300 	20751 	16374 	16038 	15892 	15074 	13096 
ICCS03011,NR,UKM	: 	1797 	1690 	1372 	1183 	997 	884 	821 
ICCS03011,NR,UKN	714 	655 	499 	503 	548 	498 	422 	368 
ICCS03011,NR,XK	37 	29 	32 	33 	24 	33 	44 	50 
ICCS03011,P_HTHAB,AL	: 	: 	: 	: 	0.78 	: 	1.07 	1.23 
ICCS03011,P_HTHAB,AT	13.18 	13.68 	15.32 	14.94 	15.69 	14.62 	9.35 	8.34 
ICCS03011,P_HTHAB,BA	: 	: 	: 	1.07 	0.91 	1.20 	0.75 	0.91 
ICCS03011,P_HTHAB,BE	25.50 	27.46 	29.97 	30.69 	30.88 	30.52 	29.31 	30.29 
ICCS03011,P_HTHAB,BG	1.65 	2.04 	2.25 	2.55 	2.13 	2.84 	3.29 	3.48 
ICCS03011,P_HTHAB,CH	6.46 	6.83 	7.10 	7.15 	7.01 	6.97 	8.65 	8.06 
ICCS03011,P_HTHAB,CY	2.36 	1.63 	2.08 	2.90 	4.53 	4.39 	3.39 	4.38 
ICCS03011,P_HTHAB,CZ	5.67 	6.36 	5.60 	6.37 	6.44 	5.60 	4.60 	5.11 
ICCS03011,P_HTHAB,DE	8.65 	9.09 	9.20 	10.00 	9.40 	9.44 	8.92 	8.87 
ICCS03011,P_HTHAB,DK	18.57 	14.87 	14.98 	15.57 	15.34 	17.24 	15.93 	17.81 
ICCS03011,P_HTHAB,EE	12.24 	11.17 	10.23 	10.79 	6.84 	6.08 	9.28 	11.95 
ICCS03011,P_HTHAB,EL	1.12 	1.23 	1.35 	1.51 	1.55 	1.93 	1.92 	2.07 
ICCS03011,P_HTHAB,ES	2.65 	2.66 	2.78 	2.73 	3.24 	3.39 	4.44 	5.34 
ICCS03011,P_HTHAB,FI	19.23 	18.51 	17.97 	18.68 	19.33 	15.29 	12.39 	17.26 
ICCS03011,P_HTHAB,FR	19.49 	18.44 	17.03 	16.68 	16.01 	15.63 	15.29 	16.06 
ICCS03011,P_HTHAB,HR	6.11 	7.89 	6.43 	2.95 	2.84 	3.28 	2.99 	4.36 
ICCS03011,P_HTHAB,HU	3.84 	3.22 	2.50 	1.93 	1.96 	2.46 	2.27 	2.13 
ICCS03011,P_HTHAB,IE	11.62 	10.34 	9.82 	11.33 	10.13 	10.51 	7.28 	7.81 
ICCS03011,P_HTHAB,IS	54.09 	39.61 	55.93 	38.18 	40.19 	30.85 	24.42 	21.56 
ICCS03011,P_HTHAB,LI	2.68 	13.47 	8.14 	10.97 	5.53 	0.00 	0.00 	8.49 
ICCS03011,P_HTHAB,LT	5.31 	5.37 	4.48 	5.93 	6.26 	6.62 	4.68 	5.10 
ICCS03011,P_HTHAB,LU	12.08 	13.28 	16.57 	14.48 	13.68 	13.15 	11.35 	11.78 
ICCS03011,P_HTHAB,LV	3.02 	3.75 	3.61 	3.13 	2.41 	3.68 	3.19 	4.56 
ICCS03011,P_HTHAB,ME	0.80 	0.80 	0.64 	0.48 	0.48 	0.81 	1.46 	2.76 
ICCS03011,P_HTHAB,MK	: 	2.18 	1.84 	2.09 	1.99 	1.36 	1.81 	2.00 
ICCS03011,P_HTHAB,MT	5.36 	2.59 	3.56 	3.11 	4.34 	2.66 	2.92 	4.66 
ICCS03011,P_HTHAB,NL	7.07 	7.01 	7.21 	8.43 	9.64 	10.02 	11.65 	11.86 
ICCS03011,P_HTHAB,NO	: 	22.06 	22.49 	22.38 	21.85 	19.31 	20.79 	19.93 
ICCS03011,P_HTHAB,PL	3.24 	4.98 	3.58 	3.76 	3.94 	4.12 	4.01 	4.23 
ICCS03011,P_HTHAB,PT	3.61 	3.59 	3.29 	3.56 	3.54 	4.01 	3.57 	2.98 
ICCS03011,P_HTHAB,RO	5.11 	4.39 	4.89 	4.45 	3.64 	4.18 	4.93 	4.92 
ICCS03011,P_HTHAB,RS	0.86 	0.91 	0.97 	1.18 	1.09 	0.99 	1.51 	1.67 
ICCS03011,P_HTHAB,SE	56.88 	65.26 	58.96 	62.73 	64.35 	58.66 	58.91 	53.37 
ICCS03011,P_HTHAB,SI	2.04 	2.13 	2.57 	2.82 	2.68 	3.08 	3.89 	2.84 
ICCS03011,P_HTHAB,SK	1.60 	1.61 	1.68 	1.63 	2.78 	2.17 	2.64 	2.83 
ICCS03011,P_HTHAB,UKC-L	62.07 	51.24 	36.56 	29.05 	28.67 	28.65 	27.39 	23.98 
ICCS03011,P_HTHAB,UKM	: 	33.67 	31.77 	25.86 	22.40 	19.00 	16.94 	15.83 
ICCS03011,P_HTHAB,UKN	38.66 	35.65 	27.32 	27.65 	30.28 	27.68 	23.63 	20.79 
ICCS03011,P_HTHAB,XK	: 	: 	: 	: 	1.34 	1.49 	2.02 	2.32 
ICCS03012,NR,AL	93 	56 	50 	23 	22 	36 	29 	18 
ICCS03012,NR,AT	2349 	2400 	2485 	2784 	2643 	2275 	3057 	3492 
ICCS03012,NR,BA	129 	107 	: 	: 	: 	: 	: 	: 
ICCS03012,NR,BE	7408 	8334 	8054 	7331 	7903 	7615 	7457 	7548 
ICCS03012,NR,BG	484 	462 	468 	499 	492 	485 	480 	487 
ICCS03012,NR,CH	2178 	2191 	2125 	2012 	2264 	1949 	5982 	: 
ICCS03012,NR,CY	80 	37 	29 	44 	39 	43 	51 	63 
ICCS03012,NR,CZ	821 	760 	828 	741 	781 	751 	1250 	1151 
ICCS03012,NR,DE	27243 	27614 	27922 	28246 	28815 	28842 	41770 	49492 
ICCS03012,NR,DK	1125 	1071 	1004 	1035 	1013 	1056 	793 	837 
ICCS03012,NR,EE	123 	52 	105 	105 	89 	97 	130 	108 
ICCS03012,NR,EL	382 	455 	711 	654 	363 	686 	711 	450 
ICCS03012,NR,ES	8640 	8229 	7625 	7728 	8379 	8376 	7672 	8451 
ICCS03012,NR,FI	1737 	1816 	2013 	2225 	2120 	1566 	1439 	1796 
ICCS03012,NR,FR	19985 	18802 	16607 	15898 	13465 	12855 	13411 	13754 
ICCS03012,NR,HR	347 	269 	302 	217 	256 	256 	535 	577 
ICCS03012,NR,HU	241 	227 	431 	502 	433 	431 	428 	250 
ICCS03012,NR,IE	1608 	1425 	1433 	1458 	1376 	1711 	1014 	903 
ICCS03012,NR,IT	4000 	4257 	4488 	4689 	4617 	4813 	4963 	4893 
ICCS03012,NR,LI	16 	14 	39 	: 	: 	: 	: 	: 
ICCS03012,NR,LT	218 	243 	219 	263 	338 	306 	213 	204 
ICCS03012,NR,LU	288 	362 	316 	322 	284 	260 	304 	: 
ICCS03012,NR,LV	211 	369 	304 	: 	: 	: 	: 	: 
ICCS03012,NR,ME	21 	26 	19 	21 	21 	39 	38 	23 
ICCS03012,NR,MK	: 	: 	113 	: 	: 	: 	: 	: 
ICCS03012,NR,MT	81 	66 	79 	69 	51 	80 	70 	61 
ICCS03012,NR,NL	6160 	6770 	7120 	7470 	7590 	7950 	8325 	8550 
ICCS03012,NR,NO	: 	1985 	1365 	1510 	1586 	1513 	1412 	1352 
ICCS03012,NR,PL	531 	513 	541 	: 	: 	: 	: 	: 
ICCS03012,NR,PT	2204 	2101 	1893 	1759 	1808 	1782 	2179 	1937 
ICCS03012,NR,RO	644 	641 	745 	646 	545 	589 	598 	550 
ICCS03012,NR,RS	278 	306 	251 	310 	378 	381 	301 	277 
ICCS03012,NR,SE	11774 	13218 	11268 	10225 	10036 	10058 	9545 	9157 
ICCS03012,NR,SI	216 	252 	325 	309 	416 	403 	377 	326 
ICCS03012,NR,SK	558 	679 	: 	: 	: 	: 	: 	: 
ICCS03012,NR,UKC-L	: 	35244 	26389 	22556 	22260 	23222 	22233 	22214 
ICCS03012,NR,UKM	7769 	6915 	5968 	5362 	5049 	4235 	3966 	3690 
ICCS03012,NR,UKN	2159 	1895 	1610 	1356 	1292 	1370 	1347 	1409 
ICCS03012,NR,XK	159 	174 	115 	109 	101 	89 	93 	111 
ICCS03012,P_HTHAB,AL	: 	: 	: 	: 	0.78 	: 	0.91 	0.57 
ICCS03012,P_HTHAB,AT	27.39 	28.21 	29.40 	33.11 	31.56 	27.24 	36.68 	42.03 
ICCS03012,P_HTHAB,BE	65.92 	74.54 	72.16 	66.08 	71.84 	70.25 	69.35 	70.76 
ICCS03012,P_HTHAB,BG	6.72 	6.38 	6.42 	6.81 	6.68 	6.53 	6.43 	6.48 
ICCS03012,P_HTHAB,CH	26.44 	26.92 	26.43 	25.29 	28.77 	25.03 	77.67 	: 
ICCS03012,P_HTHAB,CY	9.45 	4.31 	3.35 	5.10 	4.64 	5.25 	6.40 	8.12 
ICCS03012,P_HTHAB,CZ	7.79 	7.23 	7.87 	7.05 	7.45 	7.18 	11.99 	11.13 
ICCS03012,P_HTHAB,DE	33.55 	34.19 	34.68 	35.16 	35.92 	35.26 	50.94 	60.20 
ICCS03012,P_HTHAB,DK	19.88 	19.03 	17.92 	18.55 	18.22 	19.08 	14.39 	15.29 
ICCS03012,P_HTHAB,EE	9.35 	3.95 	7.95 	7.92 	6.69 	7.28 	9.73 	8.07 
ICCS03012,P_HTHAB,EL	3.52 	4.16 	6.46 	5.90 	3.26 	6.17 	6.41 	4.02 
ICCS03012,P_HTHAB,ES	18.60 	17.69 	16.32 	16.51 	17.95 	18.02 	16.59 	18.50 
ICCS03012,P_HTHAB,FI	31.74 	33.31 	37.09 	41.19 	39.44 	29.26 	27.02 	33.88 
ICCS03012,P_HTHAB,FR	30.06 	28.51 	25.32 	24.35 	20.72 	19.88 	20.84 	21.49 
ICCS03012,P_HTHAB,HR	8.21 	6.33 	7.09 	5.07 	5.97 	5.95 	12.41 	13.38 
ICCS03012,P_HTHAB,HU	2.45 	2.30 	4.35 	5.05 	4.34 	4.30 	4.27 	2.49 
ICCS03012,P_HTHAB,IE	34.74 	30.94 	31.21 	31.82 	30.10 	37.61 	22.43 	20.26 
ICCS03012,P_HTHAB,IT	6.58 	7.00 	7.52 	7.89 	7.78 	8.13 	8.41 	8.34 
ICCS03012,P_HTHAB,LI	42.82 	37.71 	105.87 	: 	: 	: 	: 	: 
ICCS03012,P_HTHAB,LT	7.46 	8.26 	7.37 	8.76 	11.07 	9.74 	6.69 	6.35 
ICCS03012,P_HTHAB,LU	51.16 	65.86 	58.84 	61.35 	55.49 	51.79 	61.60 	: 
ICCS03012,P_HTHAB,LV	10.62 	18.44 	15.02 	: 	: 	: 	: 	: 
ICCS03012,P_HTHAB,ME	3.38 	4.18 	3.06 	3.39 	3.39 	6.30 	6.16 	3.74 
ICCS03012,P_HTHAB,MK	: 	: 	5.48 	: 	: 	: 	: 	: 
ICCS03012,P_HTHAB,MT	18.87 	15.52 	18.75 	16.53 	12.29 	19.32 	17.03 	14.96 
ICCS03012,P_HTHAB,NL	36.45 	40.23 	42.43 	44.65 	45.57 	47.96 	50.50 	52.12 
ICCS03012,P_HTHAB,NO	: 	38.86 	27.02 	30.29 	32.23 	31.14 	29.42 	28.54 
ICCS03012,P_HTHAB,PL	1.40 	1.35 	1.42 	: 	: 	: 	: 	: 
ICCS03012,P_HTHAB,PT	21.24 	20.15 	18.05 	16.69 	17.10 	16.85 	20.63 	18.35 
ICCS03012,P_HTHAB,RO	3.24 	3.21 	3.72 	3.21 	2.55 	2.74 	2.93 	2.67 
ICCS03012,P_HTHAB,RS	3.91 	4.28 	3.50 	4.30 	5.21 	5.21 	4.10 	3.76 
ICCS03012,P_HTHAB,SE	120.79 	137.05 	117.92 	107.83 	106.59 	107.68 	103.12 	99.72 
ICCS03012,P_HTHAB,SI	10.47 	12.23 	15.79 	15.03 	20.29 	19.69 	18.55 	16.22 
ICCS03012,P_HTHAB,SK	10.29 	12.54 	: 	: 	: 	: 	: 	: 
ICCS03012,P_HTHAB,UKC-L	: 	61.64 	46.49 	40.01 	39.80 	41.87 	40.39 	40.67 
ICCS03012,P_HTHAB,UKM	145.04 	129.56 	112.18 	101.05 	95.61 	80.72 	76.02 	71.15 
ICCS03012,P_HTHAB,UKN	116.89 	103.14 	88.14 	74.55 	71.40 	76.15 	75.41 	79.59 
ICCS03012,P_HTHAB,XK	: 	: 	: 	: 	5.63 	4.03 	4.26 	5.16 
ICCS0401,NR,AL	234 	297 	371 	326 	268 	236 	169 	144 
ICCS0401,NR,AT	3416 	3481 	3737 	4092 	4066 	4310 	4577 	4786 
ICCS0401,NR,BA	111 	1025 	1103 	1010 	975 	: 	: 	746 
ICCS0401,NR,BE	22101 	21905 	22879 	25608 	27341 	23856 	23581 	22877 
ICCS0401,NR,BG	1946 	2326 	2977 	2955 	3110 	3737 	3596 	2868 
ICCS0401,NR,CH	3279 	4007 	5424 	6076 	5236 	4406 	5027 	4220 
ICCS0401,NR,CY	93 	104 	149 	173 	137 	156 	142 	71 
ICCS0401,NR,CZ	2022 	2547 	3051 	3416 	3881 	4019 	4687 	4641 
ICCS0401,NR,DE	44666 	45475 	47234 	48711 	48021 	48166 	49317 	49913 
ICCS0401,NR,DK	2034 	2322 	3200 	3003 	3241 	3372 	4004 	3400 
ICCS0401,NR,EE	337 	360 	476 	457 	525 	599 	726 	909 
ICCS0401,NR,EL	4316 	3800 	4919 	5992 	6636 	6079 	4715 	3293 
ICCS0401,NR,ES	64581 	70855 	86034 	96607 	87718 	84411 	65159 	71421 
ICCS0401,NR,FI	1550 	1689 	1524 	1616 	1622 	1508 	1640 	1696 
ICCS0401,NR,FR	104913 	114093 	124657 	123814 	120966 	121038 	112765 	106633 
ICCS0401,NR,HR	1311 	1268 	1523 	1588 	1382 	1245 	1411 	1259 
ICCS0401,NR,HU	1443 	1954 	2298 	3036 	3203 	3396 	3159 	3128 
ICCS0401,NR,IE	2575 	2647 	2806 	2817 	2931 	3196 	2491 	2299 
ICCS0401,NR,IS	53 	51 	49 	50 	42 	42 	60 	43 
ICCS0401,NR,IT	35068 	58345 	63770 	62641 	58206 	47996 	50732 	64535 
ICCS0401,NR,LI	3 	1 	1 	5 	1 	2 	2 	1 
ICCS0401,NR,LT	1590 	1688 	1866 	1923 	2502 	2727 	3363 	3452 
ICCS0401,NR,LU	554 	615 	582 	527 	398 	377 	418 	326 
ICCS0401,NR,LV	779 	809 	917 	943 	1047 	1072 	1516 	1441 
ICCS0401,NR,ME	156 	188 	161 	117 	144 	3 	7 	6 
ICCS0401,NR,MK	: 	305 	468 	469 	513 	604 	597 	458 
ICCS0401,NR,MT	242 	190 	207 	257 	219 	196 	202 	147 
ICCS0401,NR,NL	9615 	10320 	13120 	14765 	15390 	16125 	16265 	13175 
ICCS0401,NR,NO	: 	1063 	1667 	1484 	1623 	1687 	1776 	1598 
ICCS0401,NR,PL	8139 	10104 	13561 	16685 	17729 	19359 	19267 	21085 
ICCS0401,NR,PT	15472 	15594 	16590 	18514 	20372 	20442 	20472 	20854 
ICCS0401,NR,RO	3358 	6418 	2933 	3193 	2251 	2484 	2541 	2464 
ICCS0401,NR,RS	3030 	3232 	3836 	3791 	3548 	3620 	4593 	4082 
ICCS0401,NR,SE	8461 	8364 	8361 	9213 	9719 	9219 	9570 	8909 
ICCS0401,NR,SI	232 	297 	377 	391 	403 	463 	481 	386 
ICCS0401,NR,SK	539 	680 	836 	974 	851 	1188 	1358 	1371 
ICCS0401,NR,TR	: 	: 	: 	10303 	9662 	8581 	8698 	: 
ICCS0401,NR,UKC-L	50904 	50245 	57828 	65155 	74688 	76189 	75105 	80130 
ICCS0401,NR,UKM	: 	1497 	1499 	1832 	2244 	2557 	2496 	2963 
ICCS0401,NR,UKN	810 	906 	969 	1040 	1269 	1349 	1315 	1149 
ICCS0401,NR,XK	315 	429 	552 	527 	629 	566 	586 	421 
ICCS0401,P_HTHAB,AL	: 	: 	: 	: 	9.46 	: 	5.31 	4.54 
ICCS0401,P_HTHAB,AT	39.83 	40.92 	44.22 	48.67 	48.55 	51.61 	54.91 	57.61 
ICCS0401,P_HTHAB,BA	: 	: 	: 	26.31 	25.37 	: 	: 	19.41 
ICCS0401,P_HTHAB,BE	196.68 	195.92 	204.98 	230.81 	248.54 	220.08 	219.30 	214.47 
ICCS0401,P_HTHAB,BG	27.02 	32.10 	40.87 	40.33 	42.20 	50.35 	48.16 	38.15 
ICCS0401,P_HTHAB,CH	39.80 	49.23 	67.47 	76.38 	66.53 	56.59 	65.27 	55.57 
ICCS0401,P_HTHAB,CY	10.98 	12.12 	17.21 	20.07 	16.31 	19.04 	17.82 	9.15 
ICCS0401,P_HTHAB,CZ	19.19 	24.23 	29.01 	32.52 	37.01 	38.41 	44.96 	44.87 
ICCS0401,P_HTHAB,DE	55.01 	56.30 	58.66 	60.64 	59.86 	58.88 	60.14 	60.71 
ICCS0401,P_HTHAB,DK	35.94 	41.26 	57.12 	53.81 	58.28 	60.92 	72.65 	62.09 
ICCS0401,P_HTHAB,EE	25.63 	27.36 	36.06 	34.48 	39.48 	44.93 	54.35 	67.91 
ICCS0401,P_HTHAB,EL	39.75 	34.78 	44.70 	54.05 	59.66 	54.67 	42.50 	29.45 
ICCS0401,P_HTHAB,ES	139.03 	152.34 	184.12 	206.34 	187.97 	181.58 	140.92 	156.39 
ICCS0401,P_HTHAB,FI	28.33 	30.98 	28.08 	29.92 	30.18 	28.18 	30.79 	32.00 
ICCS0401,P_HTHAB,FR	157.79 	173.02 	190.02 	189.67 	186.16 	187.19 	175.24 	166.60 
ICCS0401,P_HTHAB,HR	31.03 	29.86 	35.73 	37.14 	32.22 	28.93 	32.74 	29.20 
ICCS0401,P_HTHAB,HU	14.64 	19.78 	23.19 	30.57 	32.08 	33.91 	31.49 	31.14 
ICCS0401,P_HTHAB,IE	55.63 	57.47 	61.12 	61.47 	64.12 	70.25 	55.09 	51.57 
ICCS0401,P_HTHAB,IS	16.10 	15.66 	15.22 	15.65 	13.19 	13.22 	18.79 	13.63 
ICCS0401,P_HTHAB,IT	57.68 	95.99 	106.84 	105.47 	98.05 	81.09 	85.99 	110.03 
ICCS0401,P_HTHAB,LI	8.03 	2.69 	2.71 	13.71 	2.77 	5.57 	5.62 	2.83 
ICCS0401,P_HTHAB,LT	54.43 	57.35 	62.79 	64.02 	81.96 	86.79 	105.63 	107.45 
ICCS0401,P_HTHAB,LU	98.41 	111.88 	108.37 	100.41 	77.76 	75.09 	84.70 	67.38 
ICCS0401,P_HTHAB,LV	39.22 	40.42 	45.31 	46.12 	50.47 	50.55 	70.09 	65.74 
ICCS0401,P_HTHAB,ME	25.08 	30.25 	25.93 	18.86 	23.23 	0.48 	1.13 	0.97 
ICCS0401,P_HTHAB,MK	: 	14.76 	22.69 	22.77 	24.94 	29.42 	29.14 	22.39 
ICCS0401,P_HTHAB,MT	56.37 	44.67 	49.13 	61.55 	52.77 	47.34 	49.16 	36.04 
ICCS0401,P_HTHAB,NL	56.89 	61.32 	78.19 	88.25 	92.40 	97.29 	98.66 	80.31 
ICCS0401,P_HTHAB,NO	: 	20.81 	33.00 	29.76 	32.99 	34.72 	37.01 	33.73 
ICCS0401,P_HTHAB,PL	21.42 	26.58 	35.63 	43.83 	46.58 	50.91 	50.52 	55.32 
ICCS0401,P_HTHAB,PT	149.13 	149.55 	158.19 	175.61 	192.68 	193.33 	193.81 	197.61 
ICCS0401,P_HTHAB,RO	16.90 	32.17 	14.65 	15.89 	10.51 	11.57 	12.43 	11.94 
ICCS0401,P_HTHAB,RS	42.59 	45.22 	53.41 	52.53 	48.93 	49.54 	62.62 	55.42 
ICCS0401,P_HTHAB,SE	86.80 	86.72 	87.50 	97.15 	103.22 	98.70 	103.39 	97.02 
ICCS0401,P_HTHAB,SI	11.25 	14.41 	18.31 	19.02 	19.66 	22.62 	23.67 	19.20 
ICCS0401,P_HTHAB,SK	9.94 	12.56 	15.45 	18.02 	15.78 	22.04 	25.23 	25.50 
ICCS0401,P_HTHAB,TR	: 	: 	: 	13.79 	13.11 	11.83 	12.16 	: 
ICCS0401,P_HTHAB,UKC-L	88.27 	87.88 	101.88 	115.58 	133.53 	137.37 	136.46 	146.72 
ICCS0401,P_HTHAB,UKM	: 	28.05 	28.18 	34.53 	42.50 	48.74 	47.84 	57.13 
ICCS0401,P_HTHAB,UKN	43.85 	49.31 	53.05 	57.18 	70.13 	74.99 	73.62 	64.90 
ICCS0401,P_HTHAB,XK	: 	: 	: 	: 	35.06 	25.63 	26.87 	19.55 
ICCS0501,NR,AL	231 	295 	365 	322 	265 	231 	169 	144 
ICCS0501,NR,AT	79152 	85487 	88703 	85238 	84277 	88508 	107407 	104296 
ICCS0501,NR,BA	2828 	10324 	11907 	13080 	14619 	3474 	12617 	3846 
ICCS0501,NR,BE	87691 	96419 	99934 	102451 	97620 	91395 	97121 	93363 
ICCS0501,NR,BG	12035 	15327 	17163 	16781 	20272 	24005 	23682 	19980 
ICCS0501,NR,CH	52569 	63706 	68730 	73714 	65172 	62243 	64268 	55688 
ICCS0501,NR,CY	1948 	2333 	2676 	2953 	3379 	3232 	2504 	2587 
ICCS0501,NR,CZ	34476 	49304 	62384 	55554 	59672 	58758 	54848 	53381 
ICCS0501,NR,DE	463929 	446073 	437520 	430211 	421243 	397341 	386647 	390367 
ICCS0501,NR,DK	63343 	69637 	78955 	80930 	91732 	96683 	106972 	93578 
ICCS0501,NR,EL	64789 	61366 	67645 	79557 	87142 	80854 	63928 	59027 
ICCS0501,NR,ES	197428 	222039 	167320 	162672 	169383 	200388 	191853 	174761 
ICCS0501,NR,FI	28121 	27609 	26765 	28765 	33032 	32102 	34218 	34799 
ICCS0501,NR,FR	381586 	379153 	385511 	364462 	345500 	327330 	320418 	307744 
ICCS0501,NR,HR	14968 	15302 	18483 	19219 	19237 	18452 	17080 	17471 
ICCS0501,NR,HU	28620 	29931 	37716 	46857 	45273 	44250 	37698 	43002 
ICCS0501,NR,IE	26253 	27635 	26218 	28133 	27695 	25420 	26910 	24682 
ICCS0501,NR,IS	1273 	1143 	1092 	1374 	1900 	2866 	3524 	2731 
ICCS0501,NR,LI	168 	222 	125 	140 	98 	102 	195 	107 
ICCS0501,NR,LU	3608 	4368 	3399 	3163 	3579 	2413 	2951 	2789 
ICCS0501,NR,LV	501 	612 	955 	977 	: 	1535 	2876 	2817 
ICCS0501,NR,ME	939 	951 	1181 	1383 	1234 	1381 	1673 	1633 
ICCS0501,NR,MK	: 	13108 	15109 	14985 	14465 	13399 	11500 	11627 
ICCS0501,NR,MT	1361 	1624 	1438 	1682 	1684 	1660 	1352 	1450 
ICCS0501,NR,NL	228135 	254330 	291295 	300025 	304045 	292585 	283785 	287645 
ICCS0501,NR,NO	: 	14890 	15740 	17391 	17983 	21298 	23676 	22014 
ICCS0501,NR,PL	94680 	106903 	118472 	127961 	135611 	140085 	135383 	124066 
ICCS0501,NR,PT	29386 	34612 	38390 	43843 	52086 	50650 	49317 	53751 
ICCS0501,NR,RO	29562 	51116 	19573 	19526 	16311 	14197 	11574 	10285 
ICCS0501,NR,RS	22502 	24584 	24729 	17606 	17430 	15177 	14201 	14040 
ICCS0501,NR,SE	90059 	88798 	85453 	88066 	94316 	92722 	95824 	94278 
ICCS0501,NR,SI	10251 	13603 	15370 	14106 	13696 	13430 	15510 	15310 
ICCS0501,NR,SK	6862 	9427 	11167 	11855 	12884 	14783 	15394 	15159 
ICCS0501,NR,TR	: 	: 	: 	119533 	100644 	94289 	85050 	: 
ICCS0501,NR,UKC-L	400361 	411434 	443212 	459795 	501048 	522683 	540645 	581584 
ICCS0501,NR,UKM	: 	20607 	22272 	21515 	24222 	25017 	23774 	25496 
ICCS0501,NR,UKN	9166 	8889 	9125 	9521 	11242 	11852 	12699 	12040 
ICCS0501,NR,XK	5681 	7336 	7655 	6989 	7604 	7019 	5893 	6155 
ICCS0501,P_HTHAB,AL	: 	: 	: 	: 	9.36 	: 	5.31 	4.54 
ICCS0501,P_HTHAB,AT	922.92 	1004.91 	1049.51 	1013.76 	1006.27 	1059.77 	1288.63 	1255.37 
ICCS0501,P_HTHAB,BA	: 	: 	: 	340.69 	380.39 	90.37 	328.23 	100.06 
ICCS0501,P_HTHAB,BE	780.36 	862.36 	895.33 	923.41 	887.40 	843.13 	903.19 	875.26 
ICCS0501,P_HTHAB,BG	167.10 	211.53 	235.61 	229.02 	275.08 	323.44 	317.15 	265.76 
ICCS0501,P_HTHAB,CH	638.15 	782.66 	854.95 	926.68 	828.09 	799.44 	834.45 	733.36 
ICCS0501,P_HTHAB,CY	229.99 	271.91 	309.05 	342.57 	402.38 	394.56 	314.21 	333.23 
ICCS0501,P_HTHAB,CZ	327.15 	469.01 	593.22 	528.81 	569.02 	561.63 	526.08 	516.09 
ICCS0501,P_HTHAB,DE	571.36 	552.29 	543.34 	535.57 	525.10 	485.73 	471.51 	474.80 
ICCS0501,P_HTHAB,DK	1119.19 	1237.50 	1409.25 	1450.22 	1649.67 	1746.84 	1940.90 	1708.94 
ICCS0501,P_HTHAB,EL	596.69 	561.61 	614.75 	717.61 	783.41 	727.15 	576.20 	527.86 
ICCS0501,P_HTHAB,ES	425.04 	477.38 	358.07 	347.45 	362.96 	431.07 	414.91 	382.67 
ICCS0501,P_HTHAB,FI	513.93 	506.47 	493.21 	532.56 	614.52 	599.88 	642.43 	656.52 
ICCS0501,P_HTHAB,FR	573.92 	574.98 	587.67 	558.33 	531.71 	506.24 	497.93 	480.80 
ICCS0501,P_HTHAB,HR	354.25 	360.32 	433.66 	449.46 	448.43 	428.83 	396.31 	405.17 
ICCS0501,P_HTHAB,HU	290.39 	303.03 	380.63 	471.78 	453.38 	441.87 	375.82 	428.08 
ICCS0501,P_HTHAB,IE	567.15 	600.04 	571.06 	613.89 	605.90 	558.75 	595.18 	553.69 
ICCS0501,P_HTHAB,IS	386.81 	350.97 	339.28 	429.95 	596.64 	902.31 	1103.43 	865.72 
ICCS0501,P_HTHAB,LI	449.61 	597.92 	339.32 	383.82 	271.10 	284.17 	547.92 	302.64 
ICCS0501,P_HTHAB,LU	640.90 	794.64 	632.91 	602.64 	699.24 	480.61 	597.97 	576.48 
ICCS0501,P_HTHAB,LV	25.23 	30.58 	47.19 	47.78 	: 	72.39 	132.97 	128.52 
ICCS0501,P_HTHAB,ME	150.94 	153.01 	190.21 	222.95 	199.08 	223.10 	271.08 	265.29 
ICCS0501,P_HTHAB,MK	: 	634.53 	732.63 	727.50 	703.11 	652.74 	561.35 	568.51 
ICCS0501,P_HTHAB,MT	317.00 	381.77 	341.27 	402.83 	405.79 	400.94 	329.01 	355.54 
ICCS0501,P_HTHAB,NL	1349.85 	1511.23 	1736.01 	1793.30 	1825.46 	1765.22 	1721.39 	1753.36 
ICCS0501,P_HTHAB,NO	: 	291.51 	311.60 	348.81 	365.49 	438.39 	493.33 	464.71 
ICCS0501,P_HTHAB,PL	249.12 	281.19 	311.26 	336.18 	356.28 	368.42 	355.00 	325.50 
ICCS0501,P_HTHAB,PT	283.24 	331.94 	366.06 	415.87 	492.65 	479.03 	466.88 	509.33 
ICCS0501,P_HTHAB,RO	148.77 	256.26 	97.77 	97.16 	76.17 	66.15 	56.62 	49.84 
ICCS0501,P_HTHAB,RS	316.29 	343.99 	344.34 	243.96 	240.36 	207.71 	193.61 	190.62 
ICCS0501,P_HTHAB,SE	923.93 	920.68 	894.24 	928.69 	1001.70 	992.67 	1035.22 	1026.67 
ICCS0501,P_HTHAB,SI	496.93 	659.99 	746.54 	686.26 	668.04 	656.09 	763.15 	761.59 
ICCS0501,P_HTHAB,SK	126.57 	174.06 	206.38 	219.36 	238.93 	274.25 	286.01 	281.97 
ICCS0501,P_HTHAB,TR	: 	: 	: 	159.97 	136.52 	129.94 	118.92 	: 
ICCS0501,P_HTHAB,UKC-L	694.21 	719.59 	780.87 	815.67 	895.81 	942.37 	982.29 	1064.87 
ICCS0501,P_HTHAB,UKM	: 	386.08 	418.64 	405.46 	458.70 	476.83 	455.71 	491.63 
ICCS0501,P_HTHAB,UKN	496.24 	483.81 	499.55 	523.44 	621.26 	658.80 	710.96 	680.09 
ICCS0501,P_HTHAB,XK	: 	: 	: 	: 	423.81 	317.87 	270.24 	285.86 
ICCS05012,NR,AL	1387 	1657 	1277 	1238 	979 	957 	757 	697 
ICCS05012,NR,AT	15516 	17110 	16548 	15479 	15616 	14646 	19718 	17180 
ICCS05012,NR,BA	1181 	: 	146 	: 	: 	: 	3673 	: 
ICCS05012,NR,BE	66374 	72675 	75481 	75640 	70037 	63598 	69456 	64061 
ICCS05012,NR,BG	4433 	5345 	6396 	6456 	6558 	8338 	7963 	6745 
ICCS05012,NR,CH	25396 	30773 	33332 	35801 	28485 	25074 	26101 	: 
ICCS05012,NR,CY	1362 	1625 	1785 	2010 	1961 	: 	: 	: 
ICCS05012,NR,CZ	6895 	8877 	11117 	9718 	9568 	10091 	9616 	9111 
ICCS05012,NR,DE	167136 	152123 	149500 	144117 	132595 	121347 	113800 	108284 
ICCS05012,NR,DK	45726 	50646 	56526 	57927 	63390 	62450 	66881 	58790 
ICCS05012,NR,EE	1662 	2072 	2132 	2718 	2792 	3196 	3027 	3321 
ICCS05012,NR,EL	24022 	22881 	25597 	28193 	27591 	24603 	18849 	17953 
ICCS05012,NR,ES	90747 	121779 	127444 	126425 	100780 	110231 	97852 	93920 
ICCS05012,NR,FI	5985 	6363 	5749 	6281 	6672 	6453 	6497 	5978 
ICCS05012,NR,FR	233541 	235619 	250432 	238088 	220049 	189947 	179408 	166250 
ICCS05012,NR,HR	4909 	4944 	5996 	5664 	4616 	4108 	2777 	2714 
ICCS05012,NR,HU	20291 	24126 	21606 	23739 	22534 	21979 	17625 	19239 
ICCS05012,NR,IS	402 	389 	382 	453 	613 	941 	968 	: 
ICCS05012,NR,IT	234726 	255886 	251422 	237355 	204891 	169163 	150843 	150761 
ICCS05012,NR,LI	102 	116 	92 	51 	90 	: 	193 	105 
ICCS05012,NR,LT	2999 	3342 	3265 	3526 	4081 	4905 	5799 	6076 
ICCS05012,NR,LU	2696 	3315 	2228 	1862 	2154 	1352 	1639 	1492 
ICCS05012,NR,LV	255 	432 	703 	731 	: 	800 	1809 	1717 
ICCS05012,NR,MK	: 	2881 	2639 	1987 	2160 	1610 	1612 	1346 
ICCS05012,NR,MT	712 	932 	777 	1004 	952 	890 	812 	788 
ICCS05012,NR,NL	85885 	93125 	110820 	112005 	108400 	102545 	94580 	91245 
ICCS05012,NR,NO	: 	5035 	5458 	5987 	5790 	7284 	9035 	8125 
ICCS05012,NR,PL	11415 	12563 	22881 	26825 	25544 	24123 	22194 	20892 
ICCS05012,NR,PT	16186 	19312 	22206 	25151 	28307 	26653 	26045 	29663 
ICCS05012,NR,RO	15115 	25592 	15085 	15292 	16311 	14197 	11574 	10285 
ICCS05012,NR,RS	5512 	6589 	7789 	6738 	6925 	5946 	6121 	6009 
ICCS05012,NR,SE	42493 	42337 	40654 	39552 	42847 	40562 	39700 	37870 
ICCS05012,NR,SI	3117 	3670 	3815 	2717 	2486 	2563 	2231 	2036 
ICCS05012,NR,SK	1924 	2708 	3226 	3163 	3024 	3495 	2330 	2118 
ICCS05012,NR,TR	: 	: 	: 	54179 	47532 	46493 	44244 	: 
ICCS05012,NR,UKC-L	193773 	196988 	211988 	227276 	245312 	258165 	268606 	284431 
ICCS05012,NR,UKM	: 	15166 	16334 	15656 	17375 	17657 	16727 	17223 
ICCS05012,NR,UKN	6101 	5713 	5804 	5868 	6957 	7116 	7524 	7041 
ICCS05012,NR,XK	4207 	5348 	6566 	3256 	3329 	2977 	2305 	2376 
ICCS05012,P_HTHAB,AL	: 	: 	: 	: 	34.57 	: 	23.77 	21.99 
ICCS05012,P_HTHAB,AT	180.92 	201.13 	195.79 	184.10 	186.46 	175.37 	236.57 	206.79 
ICCS05012,P_HTHAB,BA	: 	: 	: 	: 	: 	: 	95.55 	: 
ICCS05012,P_HTHAB,BE	590.66 	650.00 	676.25 	681.76 	636.66 	586.70 	645.92 	600.56 
ICCS05012,P_HTHAB,BG	61.55 	73.77 	87.80 	88.11 	88.99 	112.35 	106.64 	89.72 
ICCS05012,P_HTHAB,CH	308.29 	378.06 	414.63 	450.06 	361.94 	322.05 	338.89 	: 
ICCS05012,P_HTHAB,CY	160.80 	189.39 	206.15 	233.18 	233.52 	: 	: 	: 
ICCS05012,P_HTHAB,CZ	65.43 	84.44 	105.71 	92.50 	91.24 	96.45 	92.23 	88.08 
ICCS05012,P_HTHAB,DE	205.84 	188.35 	185.66 	179.41 	165.28 	148.34 	138.78 	131.70 
ICCS05012,P_HTHAB,DK	807.92 	900.02 	1008.92 	1038.02 	1139.98 	1128.33 	1213.49 	1073.63 
ICCS05012,P_HTHAB,EE	126.40 	157.47 	161.49 	205.10 	209.98 	239.71 	226.62 	248.12 
ICCS05012,P_HTHAB,EL	221.24 	209.40 	232.62 	254.30 	248.04 	221.26 	169.89 	160.55 
ICCS05012,P_HTHAB,ES	195.37 	261.82 	272.74 	270.03 	215.95 	237.12 	211.62 	205.65 
ICCS05012,P_HTHAB,FI	109.38 	116.73 	105.94 	116.29 	124.12 	120.58 	121.98 	112.78 
ICCS05012,P_HTHAB,FR	351.25 	357.31 	381.75 	364.73 	338.65 	293.77 	278.80 	259.74 
ICCS05012,P_HTHAB,HR	116.18 	116.42 	140.68 	132.46 	107.60 	95.47 	64.43 	62.94 
ICCS05012,P_HTHAB,HU	205.88 	244.26 	218.05 	239.02 	225.66 	219.48 	175.71 	191.52 
ICCS05012,P_HTHAB,IS	122.15 	119.45 	118.69 	141.75 	192.49 	296.26 	303.10 	: 
ICCS05012,P_HTHAB,IT	386.09 	420.99 	421.25 	399.63 	345.14 	285.80 	255.66 	257.04 
ICCS05012,P_HTHAB,LI	272.98 	312.42 	249.74 	139.82 	248.97 	: 	542.30 	296.98 
ICCS05012,P_HTHAB,LT	102.66 	113.54 	109.86 	117.39 	133.69 	156.11 	182.14 	189.13 
ICCS05012,P_HTHAB,LU	478.90 	603.08 	414.87 	354.77 	420.83 	269.29 	332.12 	308.39 
ICCS05012,P_HTHAB,LV	12.84 	21.58 	34.74 	35.75 	: 	37.73 	83.64 	78.34 
ICCS05012,P_HTHAB,MK	: 	139.46 	127.96 	96.47 	104.99 	78.43 	78.69 	65.81 
ICCS05012,P_HTHAB,MT	165.83 	219.10 	184.40 	240.45 	229.40 	214.96 	197.60 	193.22 
ICCS05012,P_HTHAB,NL	508.17 	553.35 	660.45 	669.47 	650.82 	618.67 	573.71 	556.19 
ICCS05012,P_HTHAB,NO	: 	98.57 	108.05 	120.08 	117.68 	149.93 	188.26 	171.52 
ICCS05012,P_HTHAB,PL	30.04 	33.04 	60.11 	70.47 	67.11 	63.44 	58.20 	54.81 
ICCS05012,P_HTHAB,PT	156.01 	185.21 	211.74 	238.57 	267.74 	252.07 	246.57 	281.08 
ICCS05012,P_HTHAB,RO	76.07 	128.30 	75.35 	76.09 	76.17 	66.15 	56.62 	49.84 
ICCS05012,P_HTHAB,RS	77.48 	92.20 	108.46 	93.37 	95.50 	81.38 	83.45 	81.58 
ICCS05012,P_HTHAB,SE	435.94 	438.96 	425.43 	417.09 	455.07 	434.25 	428.89 	412.40 
ICCS05012,P_HTHAB,SI	151.10 	178.06 	185.30 	132.18 	121.26 	125.21 	109.77 	101.28 
ICCS05012,P_HTHAB,SK	35.49 	50.00 	59.62 	58.53 	56.08 	64.84 	43.29 	39.40 
ICCS05012,P_HTHAB,TR	: 	: 	: 	72.51 	64.47 	64.07 	61.86 	: 
ICCS05012,P_HTHAB,UKC-L	335.99 	344.53 	373.49 	403.19 	438.59 	465.46 	488.03 	520.79 
ICCS05012,P_HTHAB,UKM	: 	284.14 	307.02 	295.05 	329.04 	336.54 	320.63 	332.11 
ICCS05012,P_HTHAB,UKN	330.30 	310.95 	317.74 	322.61 	384.46 	395.55 	421.23 	397.72 
ICCS05012,P_HTHAB,XK	: 	: 	: 	: 	185.54 	134.82 	105.70 	110.35 
ICCS0502,NR,AL	7187 	7961 	5255 	5344 	4621 	3978 	3577 	3596 
ICCS0502,NR,AT	136098 	144073 	148861 	146520 	144326 	150728 	170683 	174008 
ICCS0502,NR,BA	4874 	5931 	6477 	6675 	6737 	11362 	6740 	8180 
ICCS0502,NR,BE	186586 	208443 	224109 	237921 	242399 	228355 	249627 	245682 
ICCS0502,NR,BG	38315 	41246 	45256 	44462 	47323 	50479 	44278 	42553 
ICCS0502,NR,CH	146026 	162168 	184352 	200647 	189520 	161278 	134291 	120817 
ICCS0502,NR,CY	918 	966 	1245 	1550 	1687 	1670 	2912 	3191 
ICCS0502,NR,CZ	139092 	103708 	125573 	119367 	124274 	126311 	153139 	166085 
ICCS0502,NR,DE	1337196 	1309678 	1285767 	1267576 	1276065 	1219983 	1308687 	2052913 
ICCS0502,NR,DK	194475 	214359 	229050 	238367 	244099 	241703 	247388 	246663 
ICCS0502,NR,EE	11354 	15738 	16465 	18628 	20175 	25253 	24835 	23506 
ICCS0502,NR,EL	100298 	93677 	103399 	119078 	129148 	118518 	126080 	114900 
ICCS0502,NR,ES	205751 	155253 	163464 	165297 	155122 	144618 	217648 	237525 
ICCS0502,NR,FI	97464 	102166 	101665 	95737 	100501 	99434 	99778 	92999 
ICCS0502,NR,FR	1227974 	1255668 	1225816 	1173885 	1163793 	1172553 	1383325 	962583 
ICCS0502,NR,HR	13547 	12043 	14051 	17248 	15929 	13575 	14095 	15300 
ICCS0502,NR,HU	101677 	132018 	148788 	159047 	157234 	161051 	125247 	127125 
ICCS0502,NR,IE	69462 	69934 	71369 	67954 	66581 	65416 	77031 	76861 
ICCS0502,NR,IS	4032 	3670 	4102 	4147 	4203 	4920 	5589 	4718 
ICCS0502,NR,IT	1045374 	1121757 	1099853 	1066669 	1038883 	944025 	1152323 	1223105 
ICCS0502,NR,LI	193 	214 	233 	197 	184 	174 	201 	178 
ICCS0502,NR,LT	20121 	21546 	22856 	23478 	27299 	26530 	30379 	29610 
ICCS0502,NR,LU	9293 	10259 	10334 	9243 	8775 	7218 	7079 	7021 
ICCS0502,NR,LV	19387 	20578 	20623 	21341 	: 	25659 	29163 	25844 
ICCS0502,NR,ME	827 	892 	739 	857 	673 	530 	656 	794 
ICCS0502,NR,MK	: 	5525 	6037 	6034 	5552 	5423 	5744 	6627 
ICCS0502,NR,MT	8653 	8198 	8469 	8690 	8520 	7769 	7244 	8525 
ICCS0502,NR,NL	544100 	587210 	644725 	652250 	669680 	662105 	703315 	704160 
ICCS0502,NR,NO	: 	119515 	133302 	141445 	135255 	137543 	145434 	138083 
ICCS0502,NR,PL	138166 	160777 	200030 	230751 	230247 	203916 	208194 	214414 
ICCS0502,NR,PT	86417 	91041 	94902 	102271 	98398 	95064 	121199 	126956 
ICCS0502,NR,RO	108439 	164396 	57557 	56732 	47322 	48828 	49398 	41874 
ICCS0502,NR,RS	22603 	26736 	31680 	17900 	17529 	15912 	17833 	19863 
ICCS0502,NR,SE	373130 	385394 	383038 	379494 	380558 	367965 	425878 	436446 
ICCS0502,NR,SI	22798 	30103 	34942 	33905 	30677 	28911 	28566 	28765 
ICCS0502,NR,SK	24091 	29816 	33872 	34730 	37613 	41814 	31549 	33743 
ICCS0502,NR,TR	: 	: 	: 	239926 	209866 	207945 	174545 	: 
ICCS0502,NR,UKC-L	1277897 	1267915 	1326649 	1361329 	1481675 	1478601 	1591975 	1592758 
ICCS0502,NR,UKM	: 	89598 	95894 	94551 	108956 	107894 	115891 	117033 
ICCS0502,NR,UKN	24016 	24806 	25168 	23824 	24480 	23579 	28608 	24380 
ICCS0502,NR,XK	12295 	15607 	16962 	16292 	17141 	15234 	13771 	15466 
ICCS0502,P_HTHAB,AL	: 	: 	: 	: 	163.19 	: 	96.49 	100.88 
ICCS0502,P_HTHAB,AT	1586.92 	1693.60 	1761.28 	1742.60 	1723.26 	1804.77 	2047.79 	2094.47 
ICCS0502,P_HTHAB,BA	: 	: 	: 	173.86 	175.30 	295.57 	175.34 	212.81 
ICCS0502,P_HTHAB,BE	1660.42 	1864.29 	2007.85 	2144.43 	2203.50 	2106.61 	2321.45 	2303.23 
ICCS0502,P_HTHAB,BG	531.99 	569.25 	621.26 	606.81 	642.15 	680.15 	592.97 	566.01 
ICCS0502,P_HTHAB,CH	1772.66 	1992.33 	2293.20 	2522.38 	2408.09 	2071.44 	1743.62 	1591.06 
ICCS0502,P_HTHAB,CY	108.38 	112.59 	143.78 	179.81 	200.89 	203.87 	365.40 	411.03 
ICCS0502,P_HTHAB,CZ	1319.87 	986.53 	1194.10 	1136.24 	1185.06 	1207.32 	1468.85 	1605.71 
ICCS0502,P_HTHAB,DE	1646.84 	1621.54 	1596.76 	1578.00 	1590.67 	1491.38 	1595.91 	2496.92 
ICCS0502,P_HTHAB,DK	3436.13 	3809.31 	4088.26 	4271.42 	4389.77 	4367.02 	4488.62 	4504.61 
ICCS0502,P_HTHAB,EE	863.51 	1196.06 	1247.18 	1405.66 	1517.31 	1894.04 	1859.27 	1756.22 
ICCS0502,P_HTHAB,EL	923.72 	857.31 	939.68 	1074.09 	1161.05 	1065.88 	1136.39 	1038.79 
ICCS0502,P_HTHAB,ES	442.96 	333.79 	349.82 	353.06 	332.40 	311.10 	470.70 	520.10 
ICCS0502,P_HTHAB,FI	1781.22 	1874.17 	1873.43 	1772.49 	1869.69 	1858.08 	1873.30 	1754.54 
ICCS0502,P_HTHAB,FR	1846.91 	1904.20 	1868.61 	1798.31 	1791.04 	1813.45 	2149.68 	1503.87 
ICCS0502,P_HTHAB,HR	320.62 	283.58 	329.67 	403.37 	371.32 	315.49 	327.05 	354.83 
ICCS0502,P_HTHAB,HU	1031.67 	1336.57 	1501.57 	1601.37 	1574.59 	1608.21 	1248.60 	1265.50 
ICCS0502,P_HTHAB,IE	1500.60 	1518.49 	1554.51 	1482.84 	1456.63 	1437.90 	1703.73 	1724.20 
ICCS0502,P_HTHAB,IS	1225.16 	1126.90 	1274.48 	1297.66 	1319.82 	1548.97 	1750.02 	1495.60 
ICCS0502,P_HTHAB,IT	1719.49 	1845.52 	1842.76 	1795.91 	1750.00 	1594.90 	1953.07 	2085.33 
ICCS0502,P_HTHAB,LI	516.51 	576.37 	632.50 	540.10 	509.00 	484.76 	564.78 	503.45 
ICCS0502,P_HTHAB,LT	688.78 	731.99 	769.07 	781.65 	894.29 	844.37 	954.16 	921.68 
ICCS0502,P_HTHAB,LU	1650.74 	1866.36 	1924.26 	1761.06 	1714.40 	1437.66 	1434.45 	1451.22 
ICCS0502,P_HTHAB,LV	976.14 	1028.15 	1019.01 	1043.67 	: 	1210.04 	1348.37 	1179.12 
ICCS0502,P_HTHAB,ME	132.94 	143.52 	119.02 	138.16 	108.57 	85.62 	106.29 	128.99 
ICCS0502,P_HTHAB,MK	: 	267.45 	292.73 	292.94 	269.87 	264.19 	280.38 	324.03 
ICCS0502,P_HTHAB,MT	2015.40 	1927.20 	2009.90 	2081.21 	2053.07 	1876.45 	1762.85 	2090.32 
ICCS0502,P_HTHAB,NL	3219.39 	3489.21 	3842.32 	3898.60 	4020.70 	3994.60 	4266.19 	4292.25 
ICCS0502,P_HTHAB,NO	: 	2339.77 	2638.98 	2836.92 	2748.91 	2831.15 	3030.35 	2914.88 
ICCS0502,P_HTHAB,PL	363.54 	422.90 	525.53 	606.22 	604.91 	536.30 	545.93 	562.54 
ICCS0502,P_HTHAB,PT	832.95 	873.10 	904.92 	970.09 	930.68 	899.08 	1147.39 	1202.99 
ICCS0502,P_HTHAB,RO	545.72 	824.15 	287.50 	282.30 	220.99 	227.51 	241.67 	202.92 
ICCS0502,P_HTHAB,RS	317.71 	374.10 	441.13 	248.04 	241.73 	217.77 	243.12 	269.68 
ICCS0502,P_HTHAB,SE	3828.01 	3995.85 	4008.40 	4001.90 	4041.79 	3939.38 	4600.93 	4752.80 
ICCS0502,P_HTHAB,SI	1105.16 	1460.54 	1697.18 	1649.48 	1496.30 	1412.38 	1405.56 	1430.90 
ICCS0502,P_HTHAB,SK	444.37 	550.52 	626.00 	642.63 	697.51 	775.71 	586.15 	627.65 
ICCS0502,P_HTHAB,TR	: 	: 	: 	321.08 	284.67 	286.58 	244.06 	: 
ICCS0502,P_HTHAB,UKC-L	2215.82 	2217.55 	2337.36 	2414.98 	2649.05 	2665.85 	2892.44 	2916.32 
ICCS0502,P_HTHAB,UKM	: 	1678.66 	1802.48 	1781.88 	2063.33 	2056.47 	2221.44 	2256.72 
ICCS0502,P_HTHAB,UKN	1300.20 	1350.15 	1377.82 	1309.78 	1352.83 	1310.66 	1601.62 	1377.12 
ICCS0502,P_HTHAB,XK	: 	: 	: 	: 	955.37 	689.91 	631.50 	718.30 
ICCS050211,NR,AL	277 	401 	572 	677 	611 	627 	504 	398 
ICCS050211,NR,AT	4156 	4190 	5141 	4446 	5158 	5150 	9289 	9049 
ICCS050211,NR,BA	1278 	1361 	1376 	1328 	1091 	1628 	1738 	1725 
ICCS050211,NR,BE	14840 	15783 	15794 	17212 	19375 	19851 	21906 	23303 
ICCS050211,NR,BG	4023 	3721 	3583 	3082 	3234 	3938 	4470 	4620 
ICCS050211,NR,CH	6545 	6956 	6747 	8129 	8010 	7961 	9223 	: 
ICCS050211,NR,CY	961 	1187 	1317 	1749 	1783 	1705 	1627 	1786 
ICCS050211,NR,CZ	6886 	8720 	10736 	11127 	12393 	13109 	14770 	18793 
ICCS050211,NR,DE	56563 	58401 	59528 	64017 	70841 	76123 	87693 	89036 
ICCS050211,NR,DK	230 	284 	288 	335 	456 	552 	775 	745 
ICCS050211,NR,EE	505 	597 	547 	620 	752 	870 	934 	1035 
ICCS050211,NR,EL	26524 	24986 	28801 	31166 	32242 	27587 	26711 	23550 
ICCS050211,NR,ES	31137 	36466 	41499 	47125 	51799 	65672 	77898 	92196 
ICCS050211,NR,FI	6725 	7003 	7216 	7967 	11038 	10224 	11185 	12717 
ICCS050211,NR,FR	168630 	168552 	173391 	178333 	186824 	195367 	207947 	211484 
ICCS050211,NR,HR	760 	633 	866 	1142 	1315 	1382 	1828 	1927 
ICCS050211,NR,HU	3177 	4805 	5695 	6921 	6163 	5866 	8015 	7982 
ICCS050211,NR,IE	6449 	7763 	7368 	8448 	10393 	11410 	13129 	14307 
ICCS050211,NR,IS	69 	58 	31 	45 	55 	53 	475 	386 
ICCS050211,NR,IT	165650 	176461 	183486 	196589 	198774 	197583 	213407 	229961 
ICCS050211,NR,LI	8 	5 	5 	6 	1 	3 	7 	16 
ICCS050211,NR,LT	1138 	1255 	1504 	1724 	1807 	2060 	1967 	2553 
ICCS050211,NR,LU	340 	365 	367 	372 	456 	418 	419 	344 
ICCS050211,NR,LV	1483 	1323 	1347 	910 	: 	1441 	2096 	2205 
ICCS050211,NR,ME	32 	21 	39 	43 	48 	40 	51 	22 
ICCS050211,NR,MK	: 	542 	507 	371 	487 	527 	607 	581 
ICCS050211,NR,MT	229 	242 	325 	306 	364 	372 	401 	398 
ICCS050211,NR,NL	17960 	19395 	21045 	20135 	21010 	21730 	21850 	21665 
ICCS050211,NR,NO	: 	6586 	6634 	7953 	9318 	10858 	12014 	11901 
ICCS050211,NR,PL	12634 	13505 	15596 	16230 	16575 	16539 	17271 	17669 
ICCS050211,NR,PT	12017 	13723 	14799 	15900 	19500 	20310 	22539 	25274 
ICCS050211,NR,RO	4659 	5428 	2892 	1627 	1881 	2531 	2967 	2355 
ICCS050211,NR,RS	1689 	1916 	2232 	2761 	3370 	3282 	3295 	4083 
ICCS050211,NR,SE	25304 	26720 	26518 	27534 	33105 	33759 	40359 	44717 
ICCS050211,NR,SI	775 	594 	621 	539 	528 	534 	586 	582 
ICCS050211,NR,SK	1932 	2297 	2431 	2546 	2694 	3354 	3779 	4135 
ICCS050211,NR,TR	: 	: 	: 	31013 	27465 	28359 	30171 	: 
ICCS050211,NR,UKC-L	82047 	75774 	75308 	79820 	92056 	106162 	117684 	147238 
ICCS050211,NR,UKM	: 	5423 	5976 	5731 	7060 	8716 	9304 	11551 
ICCS050211,NR,UKN	1698 	2025 	2121 	2101 	2412 	2823 	2936 	3076 
ICCS050211,NR,XK	280 	223 	386 	316 	434 	339 	389 	463 
ICCS050211,P_HTHAB,AL	: 	: 	: 	: 	21.58 	: 	15.83 	12.56 
ICCS050211,P_HTHAB,AT	48.46 	49.25 	60.83 	52.88 	61.59 	61.66 	111.45 	108.92 
ICCS050211,P_HTHAB,BA	: 	: 	: 	34.59 	28.39 	42.35 	45.21 	44.88 
ICCS050211,P_HTHAB,BE	132.06 	141.16 	141.50 	155.14 	176.13 	183.13 	203.72 	218.46 
ICCS050211,P_HTHAB,BG	55.86 	51.35 	49.19 	42.06 	43.88 	53.06 	59.86 	61.45 
ICCS050211,P_HTHAB,CH	79.45 	85.46 	83.93 	102.19 	101.78 	102.25 	119.75 	: 
ICCS050211,P_HTHAB,CY	113.46 	138.34 	152.10 	202.90 	212.32 	208.15 	204.16 	230.06 
ICCS050211,P_HTHAB,CZ	65.34 	82.95 	102.09 	105.92 	118.18 	125.30 	141.67 	181.69 
ICCS050211,P_HTHAB,DE	69.66 	72.31 	73.93 	79.69 	88.31 	93.06 	106.94 	108.29 
ICCS050211,P_HTHAB,DK	4.06 	5.05 	5.14 	6.00 	8.20 	9.97 	14.06 	13.61 
ICCS050211,P_HTHAB,EE	38.41 	45.37 	41.43 	46.78 	56.56 	65.25 	69.92 	77.33 
ICCS050211,P_HTHAB,EL	244.28 	228.67 	261.74 	281.12 	289.86 	248.10 	240.75 	212.91 
ICCS050211,P_HTHAB,ES	67.03 	78.40 	88.81 	100.66 	111.00 	141.27 	168.47 	201.88 
ICCS050211,P_HTHAB,FI	122.90 	128.47 	132.97 	147.50 	205.35 	191.05 	210.00 	239.92 
ICCS050211,P_HTHAB,FR	253.62 	255.61 	264.31 	273.19 	287.52 	302.15 	323.15 	330.41 
ICCS050211,P_HTHAB,HR	17.99 	14.91 	20.32 	26.71 	30.65 	32.12 	42.42 	44.69 
ICCS050211,P_HTHAB,HU	32.24 	48.65 	57.47 	69.68 	61.72 	58.58 	79.90 	79.46 
ICCS050211,P_HTHAB,IE	139.32 	168.56 	160.48 	184.35 	227.37 	250.80 	290.38 	320.95 
ICCS050211,P_HTHAB,IS	20.97 	17.81 	9.63 	14.08 	17.27 	16.69 	148.73 	122.36 
ICCS050211,P_HTHAB,IT	272.47 	290.31 	307.42 	330.99 	334.84 	333.81 	361.70 	392.07 
ICCS050211,P_HTHAB,LI	21.41 	13.47 	13.57 	16.45 	2.77 	8.36 	19.67 	45.25 
ICCS050211,P_HTHAB,LT	38.96 	42.64 	50.61 	57.40 	59.20 	65.56 	61.78 	79.47 
ICCS050211,P_HTHAB,LU	60.40 	66.40 	68.34 	70.88 	89.09 	83.26 	84.90 	71.10 
ICCS050211,P_HTHAB,LV	74.67 	66.10 	66.56 	44.50 	: 	67.96 	96.91 	100.60 
ICCS050211,P_HTHAB,ME	5.14 	3.38 	6.28 	6.93 	7.74 	6.46 	8.26 	3.57 
ICCS050211,P_HTHAB,MK	: 	26.24 	24.58 	18.01 	23.67 	25.67 	29.63 	28.41 
ICCS050211,P_HTHAB,MT	53.34 	56.89 	77.13 	73.29 	87.71 	89.85 	97.58 	97.59 
ICCS050211,P_HTHAB,NL	106.27 	115.25 	125.42 	120.35 	126.14 	131.10 	132.54 	132.06 
ICCS050211,P_HTHAB,NO	: 	128.94 	131.33 	159.51 	189.38 	223.50 	250.33 	251.23 
ICCS050211,P_HTHAB,PL	33.24 	35.52 	40.97 	42.64 	43.55 	43.50 	45.29 	46.36 
ICCS050211,P_HTHAB,PT	115.83 	131.61 	141.11 	150.82 	184.44 	192.08 	213.38 	239.49 
ICCS050211,P_HTHAB,RO	23.45 	27.21 	14.45 	8.10 	8.78 	11.79 	14.52 	11.41 
ICCS050211,P_HTHAB,RS	23.74 	26.81 	31.08 	38.26 	46.47 	44.92 	44.92 	55.43 
ICCS050211,P_HTHAB,SE	259.60 	277.04 	277.50 	290.36 	351.60 	361.42 	436.01 	486.96 
ICCS050211,P_HTHAB,SI	37.57 	28.82 	30.16 	26.22 	25.75 	26.09 	28.83 	28.95 
ICCS050211,P_HTHAB,SK	35.64 	42.41 	44.93 	47.11 	49.96 	62.22 	70.21 	76.92 
ICCS050211,P_HTHAB,TR	: 	: 	: 	41.50 	37.25 	39.08 	42.19 	: 
ICCS050211,P_HTHAB,UKC-L	142.27 	132.53 	132.68 	141.60 	164.58 	191.40 	213.82 	269.59 
ICCS050211,P_HTHAB,UKM	: 	101.60 	112.33 	108.00 	133.70 	166.13 	178.34 	222.74 
ICCS050211,P_HTHAB,UKN	91.93 	110.22 	116.11 	115.51 	133.29 	156.92 	164.37 	173.75 
ICCS050211,P_HTHAB,XK	: 	: 	: 	: 	24.19 	15.35 	17.84 	21.50 
ICCS0601,NR,AL	2334 	1776 	1334 	1105 	740 	603 	647 	653 
ICCS0601,NR,AT	2221 	2183 	2156 	1990 	2320 	2167 	2099 	1980 
ICCS0601,NR,BA	82 	70 	20 	43 	54 	38 	52 	1519 
ICCS0601,NR,BE	11936 	12516 	11419 	11334 	13825 	14750 	14960 	14854 
ICCS0601,NR,BG	4010 	3239 	3052 	2960 	2859 	3765 	3662 	2857 
ICCS0601,NR,CH	24741 	21375 	21158 	19473 	17329 	19086 	18346 	7317 
ICCS0601,NR,CY	944 	1080 	996 	1030 	936 	851 	706 	779 
ICCS0601,NR,CZ	5364 	5357 	4799 	3814 	3635 	3010 	3046 	2812 
ICCS0601,NR,DE	60881 	59432 	57002 	57487 	60943 	60242 	61404 	55905 
ICCS0601,NR,DK	24813 	28093 	25782 	23141 	23074 	19587 	19158 	20260 
ICCS0601,NR,EE	1349 	1190 	1019 	866 	913 	901 	1042 	1558 
ICCS0601,NR,EL	10784 	10854 	10461 	10144 	9786 	10451 	12640 	12164 
ICCS0601,NR,ES	12069 	13411 	14296 	14509 	15220 	14391 	14343 	14564 
ICCS0601,NR,FI	8230 	8100 	9878 	8810 	8301 	7566 	7267 	5659 
ICCS0601,NR,FR	7483 	6895 	6455 	5902 	5928 	5869 	6007 	6128 
ICCS0601,NR,HR	2842 	2707 	2683 	7295 	7767 	7784 	7063 	7882 
ICCS0601,NR,HU	6063 	6162 	5447 	5213 	5989 	5789 	4517 	5464 
ICCS0601,NR,IE	3653 	3961 	4191 	4629 	5021 	5482 	5165 	5311 
ICCS0601,NR,IS	: 	: 	2134 	1874 	1733 	1500 	1290 	1461 
ICCS0601,NR,IT	32615 	33246 	33578 	33852 	34034 	32761 	34101 	34082 
ICCS0601,NR,LI	276 	378 	432 	257 	434 	531 	357 	210 
ICCS0601,NR,LT	842 	1044 	943 	1748 	1016 	896 	876 	793 
ICCS0601,NR,LU	203 	209 	160 	166 	199 	227 	203 	1343 
ICCS0601,NR,LV	3529 	2697 	1637 	2750 	1967 	2189 	2307 	2512 
ICCS0601,NR,ME	184 	179 	172 	187 	316 	307 	398 	460 
ICCS0601,NR,MK	: 	: 	: 	594 	589 	578 	551 	415 
ICCS0601,NR,MT	157 	192 	208 	203 	178 	181 	187 	180 
ICCS0601,NR,NL	14525 	15850 	16460 	16685 	16705 	17355 	18580 	18875 
ICCS0601,NR,NO	: 	22111 	23118 	21603 	19985 	21954 	18616 	17547 
ICCS0601,NR,PL	6506 	7433 	9601 	4460 	4350 	4668 	3975 	3317 
ICCS0601,NR,PT	5082 	4514 	4378 	4638 	4214 	4555 	4267 	3729 
ICCS0601,NR,RO	4224 	2407 	2459 	2872 	3456 	3852 	3228 	3621 
ICCS0601,NR,RS	5706 	6177 	5646 	4774 	4941 	5573 	5500 	6049 
ICCS0601,NR,SE	11272 	11842 	13669 	13914 	10423 	10321 	8192 	7997 
ICCS0601,NR,SI	1737 	1662 	1712 	1760 	1505 	1756 	2096 	1434 
ICCS0601,NR,SK	708 	709 	851 	759 	762 	624 	613 	538 
ICCS0601,NR,UKC-L	25402 	26898 	29348 	29746 	31316 	32336 	33223 	29885 
ICCS0601,NR,UKM	: 	5108 	5091 	5431 	6684 	7138 	9901 	10315 
ICCS0601,NR,UKN	808 	915 	924 	912 	806 	742 	631 	607 
ICCS0601,NR,XK	392 	: 	416 	554 	535 	482 	364 	314 
ICCS0601,P_HTHAB,AL	: 	: 	: 	: 	26.13 	: 	20.32 	20.60 
ICCS0601,P_HTHAB,AT	25.90 	25.66 	25.51 	23.67 	27.70 	25.95 	25.18 	23.83 
ICCS0601,P_HTHAB,BA	: 	: 	: 	1.12 	1.41 	0.99 	1.35 	39.52 
ICCS0601,P_HTHAB,BE	106.22 	111.94 	102.31 	102.16 	125.67 	136.07 	139.12 	139.25 
ICCS0601,P_HTHAB,BG	55.68 	44.70 	41.90 	40.40 	38.80 	50.73 	49.04 	38.00 
ICCS0601,P_HTHAB,CH	300.34 	262.60 	263.19 	244.80 	220.19 	245.14 	238.20 	96.36 
ICCS0601,P_HTHAB,CY	111.45 	125.87 	115.03 	119.49 	111.46 	103.89 	88.59 	100.34 
ICCS0601,P_HTHAB,CZ	50.90 	50.96 	45.63 	36.30 	34.66 	28.77 	29.22 	27.19 
ICCS0601,P_HTHAB,DE	74.98 	73.58 	70.79 	71.57 	75.97 	73.64 	74.88 	68.00 
ICCS0601,P_HTHAB,DK	438.41 	499.23 	460.18 	414.67 	414.95 	353.89 	347.60 	369.99 
ICCS0601,P_HTHAB,EE	102.60 	90.44 	77.19 	65.35 	68.66 	67.58 	78.01 	116.40 
ICCS0601,P_HTHAB,EL	99.32 	99.33 	95.07 	91.50 	87.98 	93.99 	113.93 	109.97 
ICCS0601,P_HTHAB,ES	25.98 	28.83 	30.59 	30.99 	32.61 	30.96 	31.02 	31.89 
ICCS0601,P_HTHAB,FI	150.41 	148.59 	182.03 	163.11 	154.43 	141.38 	136.44 	106.76 
ICCS0601,P_HTHAB,FR	11.25 	10.46 	9.84 	9.04 	9.12 	9.08 	9.33 	9.57 
ICCS0601,P_HTHAB,HR	67.26 	63.74 	62.95 	170.60 	181.05 	180.90 	163.88 	182.79 
ICCS0601,P_HTHAB,HU	61.52 	62.39 	54.97 	52.49 	59.98 	57.81 	45.03 	54.39 
ICCS0601,P_HTHAB,IE	78.92 	86.01 	91.29 	101.01 	109.85 	120.50 	114.24 	119.14 
ICCS0601,P_HTHAB,IS	: 	: 	663.03 	586.40 	544.20 	472.25 	403.92 	463.13 
ICCS0601,P_HTHAB,IT	53.65 	54.70 	56.26 	57.00 	57.33 	55.35 	57.80 	58.11 
ICCS0601,P_HTHAB,LI	738.64 	1018.07 	1172.70 	704.59 	1200.59 	1479.36 	1003.12 	593.96 
ICCS0601,P_HTHAB,LT	28.82 	35.47 	31.73 	58.20 	33.28 	28.52 	27.51 	24.68 
ICCS0601,P_HTHAB,LU	36.06 	38.02 	29.79 	31.63 	38.88 	45.21 	41.13 	277.59 
ICCS0601,P_HTHAB,LV	177.69 	134.75 	80.89 	134.49 	94.81 	103.23 	106.67 	114.61 
ICCS0601,P_HTHAB,ME	29.58 	28.80 	27.70 	30.15 	50.98 	49.60 	64.49 	74.73 
ICCS0601,P_HTHAB,MK	: 	: 	: 	28.84 	28.63 	28.16 	26.90 	20.29 
ICCS0601,P_HTHAB,MT	36.57 	45.14 	49.36 	48.62 	42.89 	43.72 	45.51 	44.14 
ICCS0601,P_HTHAB,NL	85.94 	94.18 	98.10 	99.73 	100.30 	104.71 	112.70 	115.05 
ICCS0601,P_HTHAB,NO	: 	432.87 	457.67 	433.28 	406.17 	451.90 	387.89 	370.41 
ICCS0601,P_HTHAB,PL	17.12 	19.55 	25.22 	11.72 	11.43 	12.28 	10.42 	8.70 
ICCS0601,P_HTHAB,PT	48.98 	43.29 	41.75 	43.99 	39.86 	43.08 	40.40 	35.33 
ICCS0601,P_HTHAB,RO	21.26 	12.07 	12.28 	14.29 	16.14 	17.95 	15.79 	17.55 
ICCS0601,P_HTHAB,RS	80.20 	86.43 	78.62 	66.15 	68.14 	76.27 	74.98 	82.13 
ICCS0601,P_HTHAB,SE	115.64 	122.78 	143.04 	146.73 	110.70 	110.50 	88.50 	87.09 
ICCS0601,P_HTHAB,SI	84.20 	80.64 	83.15 	85.62 	73.41 	85.79 	103.13 	71.33 
ICCS0601,P_HTHAB,SK	13.06 	13.09 	15.73 	14.04 	14.13 	11.58 	11.39 	10.01 
ICCS0601,P_HTHAB,UKC-L	44.05 	47.04 	51.71 	52.77 	55.99 	58.30 	60.36 	54.72 
ICCS0601,P_HTHAB,UKM	: 	95.70 	95.69 	102.35 	126.58 	136.05 	189.79 	198.90 
ICCS0601,P_HTHAB,UKN	43.74 	49.80 	50.58 	50.14 	44.54 	41.24 	35.33 	34.29 
ICCS0601,P_HTHAB,XK	: 	: 	: 	: 	29.82 	21.83 	16.69 	14.58 
