ecase,geo\time	2016 	2015 	2014 	2013 	2012 	2011 	2010 	2009 	2008 	2007 	2006 	2005 	2004 	2003 	2002 	2001 	2000 	1999 	1998 	1997 	1996 	1995 
A1_100,AT	31.87 	35.04 	34.68 	34.38 	33.94 	33.38 	32.74 	32.63 	34.01 	33.60 	33.19 	32.80 	33.02 	32.00 	31.60 	31.39 	30.96 	28.83 	28.56 	28.27 	27.26 	: 
A1_100,BE	40.75 	42.01 	42.36 	42.40 	42.71 	42.20 	42.07 	41.95 	42.49 	42.07 	41.92 	41.99 	41.91 	41.99 	42.66 	42.96 	43.01 	41.89 	41.76 	41.51 	41.30 	: 
A1_100,BG	: 	21.61 	21.61 	21.61 	21.61 	21.61 	20.89 	21.70 	21.70 	21.05 	20.23 	21.45 	19.11 	8.83 	20.20 	19.97 	22.29 	17.84 	19.61 	17.70 	19.44 	: 
A1_100,CH	16.88 	16.92 	16.99 	17.28 	17.07 	16.14 	16.01 	16.00 	15.85 	16.37 	16.13 	16.15 	16.11 	16.20 	16.53 	16.50 	16.46 	21.73 	21.93 	21.88 	22.37 	: 
A1_100,CY	: 	: 	: 	: 	: 	: 	: 	: 	: 	8.52 	8.74 	8.17 	6.30 	6.30 	7.04 	11.21 	11.03 	13.13 	12.59 	12.37 	12.43 	: 
A1_100,CZ	23.57 	23.32 	23.10 	22.87 	22.90 	22.96 	22.49 	22.29 	23.64 	22.89 	22.41 	24.03 	23.75 	23.34 	23.02 	22.49 	22.49 	22.71 	22.83 	22.91 	22.48 	: 
A1_100,DE	39.66 	39.60 	39.47 	39.43 	39.77 	39.91 	39.21 	41.32 	41.99 	42.23 	42.51 	42.21 	42.28 	43.37 	42.66 	42.03 	43.20 	41.93 	42.12 	42.28 	41.27 	: 
A1_100,DK	35.96 	35.89 	35.63 	35.78 	38.55 	38.40 	38.29 	39.53 	40.90 	41.12 	40.99 	40.92 	41.03 	42.36 	42.41 	43.35 	44.18 	44.21 	43.43 	44.95 	44.80 	: 
A1_100,EA17	: 	32.10 	32.09 	31.99 	32.00 	31.90 	31.52 	31.19 	31.25 	31.28 	31.50 	31.29 	31.41 	31.63 	31.80 	31.62 	32.36 	31.62 	31.38 	31.89 	31.37 	: 
A1_100,EA18	: 	32.08 	32.07 	31.98 	31.98 	31.89 	31.51 	31.18 	31.23 	31.25 	31.48 	31.27 	: 	: 	: 	: 	: 	: 	: 	: 	: 	: 
A1_100,EA19	: 	31.99 	31.98 	31.89 	31.90 	31.80 	31.43 	31.09 	31.14 	31.19 	31.41 	31.24 	: 	: 	: 	: 	: 	: 	: 	: 	: 	: 
A1_100,EE	18.29 	18.45 	19.64 	19.49 	19.91 	19.55 	19.37 	18.56 	17.87 	18.69 	18.73 	19.80 	21.86 	23.00 	22.69 	21.48 	21.94 	22.20 	21.90 	21.70 	20.80 	: 
A1_100,EL	25.39 	24.24 	25.05 	25.55 	26.61 	20.34 	18.79 	20.82 	19.28 	19.32 	17.82 	16.98 	17.75 	17.03 	16.90 	16.49 	17.05 	17.76 	18.29 	17.89 	17.79 	: 
A1_100,ES	21.38 	21.27 	22.99 	22.92 	22.86 	21.92 	21.57 	19.80 	19.30 	20.59 	20.48 	20.29 	20.09 	19.79 	20.47 	20.15 	19.85 	18.19 	20.19 	20.21 	19.89 	: 
A1_100,EU15	: 	30.59 	30.60 	30.62 	30.69 	30.76 	30.52 	30.37 	30.51 	30.84 	31.07 	30.89 	30.98 	31.18 	31.11 	31.00 	31.70 	30.83 	30.85 	31.29 	30.97 	: 
A1_100,EU25	: 	29.79 	29.80 	29.80 	29.97 	30.05 	29.83 	29.68 	29.91 	30.37 	30.56 	30.42 	30.51 	30.59 	30.59 	30.53 	31.05 	30.44 	29.25 	29.70 	29.49 	: 
A1_100,EU27	: 	29.52 	29.55 	29.55 	29.71 	29.89 	29.68 	29.51 	29.69 	30.13 	30.27 	30.15 	30.25 	30.18 	30.38 	30.18 	30.68 	30.42 	29.01 	29.39 	29.18 	: 
A1_100,EU28	: 	29.52 	29.56 	29.56 	29.71 	29.84 	29.63 	29.36 	29.53 	29.99 	30.12 	30.02 	: 	: 	: 	: 	: 	: 	: 	: 	: 	: 
A1_100,FI	30.79 	30.89 	30.59 	30.14 	29.47 	29.84 	29.06 	29.05 	30.36 	30.41 	30.59 	31.33 	31.13 	31.86 	32.38 	32.94 	34.23 	33.68 	35.47 	35.85 	37.56 	: 
A1_100,FR	29.10 	28.88 	28.62 	28.35 	28.17 	27.96 	27.82 	27.72 	27.79 	27.74 	29.02 	28.95 	28.78 	28.93 	29.09 	29.10 	28.79 	27.68 	27.29 	28.13 	27.83 	: 
A1_100,HR	: 	29.08 	30.29 	30.29 	: 	: 	: 	: 	: 	: 	: 	: 	: 	: 	: 	: 	: 	: 	: 	: 	: 	: 
A1_100,HU	33.50 	34.50 	34.50 	34.50 	35.13 	34.95 	31.18 	37.75 	38.26 	38.81 	35.30 	33.70 	34.44 	32.98 	36.50 	38.36 	35.67 	30.09 	28.92 	29.35 	29.61 	: 
A1_100,IE	19.25 	19.52 	20.20 	19.80 	17.94 	18.90 	21.75 	21.34 	18.95 	19.33 	21.54 	23.56 	23.27 	22.24 	22.18 	23.04 	27.44 	24.34 	24.94 	25.99 	28.48 	: 
A1_100,IS	29.19 	29.33 	28.63 	29.05 	28.21 	28.29 	25.32 	23.53 	24.43 	24.28 	25.42 	25.67 	25.82 	25.29 	24.72 	23.05 	22.64 	22.51 	22.69 	21.49 	21.72 	: 
A1_100,IT	31.12 	31.12 	31.03 	31.11 	30.92 	30.81 	29.83 	29.78 	29.56 	29.00 	28.54 	27.79 	28.15 	27.74 	28.66 	28.28 	28.85 	29.14 	29.13 	28.99 	28.03 	: 
A1_100,JP	22.20 	22.11 	21.84 	21.52 	21.34 	20.98 	20.63 	20.04 	20.24 	20.15 	19.44 	18.50 	18.23 	18.22 	19.98 	17.02 	16.97 	: 	: 	: 	: 	: 
A1_100,LT	: 	22.86 	22.57 	22.74 	22.48 	22.27 	22.12 	22.24 	23.39 	25.25 	24.71 	28.41 	27.62 	26.99 	28.97 	28.79 	28.75 	26.91 	27.37 	26.38 	27.04 	26.02 
A1_100,LU	30.96 	30.84 	30.00 	29.53 	28.03 	28.08 	26.41 	26.19 	27.39 	27.70 	26.59 	25.91 	25.03 	24.57 	23.98 	27.26 	28.80 	25.77 	24.62 	26.45 	25.86 	: 
A1_100,LV	29.05 	28.93 	29.55 	30.38 	31.11 	31.02 	30.78 	28.28 	27.54 	28.55 	29.10 	29.11 	29.30 	29.00 	28.70 	28.50 	28.30 	27.40 	27.40 	27.30 	21.10 	: 
A1_100,MT	: 	19.19 	19.10 	19.84 	19.17 	18.09 	16.90 	16.51 	16.93 	17.00 	18.84 	18.15 	17.80 	17.50 	18.40 	17.60 	17.10 	12.00 	11.00 	10.00 	9.40 	: 
A1_100,NL	30.45 	30.36 	33.39 	31.19 	32.11 	31.44 	32.83 	31.76 	32.51 	32.47 	32.55 	32.51 	32.54 	31.04 	30.57 	30.51 	33.25 	35.45 	34.41 	39.26 	39.16 	: 
A1_100,NO	27.93 	28.38 	28.69 	29.20 	29.22 	29.27 	28.74 	28.79 	29.55 	29.54 	29.09 	29.02 	30.09 	30.16 	30.79 	31.44 	30.70 	29.35 	29.59 	29.53 	29.74 	: 
A1_100,PL	25.00 	24.94 	24.88 	23.73 	24.69 	24.61 	24.56 	24.42 	25.04 	27.79 	28.71 	28.38 	28.08 	27.84 	27.59 	27.66 	27.80 	31.39 	15.79 	16.89 	17.99 	: 
A1_100,PT	27.57 	28.31 	27.17 	27.45 	22.78 	24.51 	22.94 	22.62 	22.80 	22.85 	22.19 	21.79 	22.53 	22.49 	22.74 	21.34 	22.45 	17.61 	18.13 	18.22 	18.08 	: 
A1_100,RO	: 	25.28 	25.88 	25.68 	28.94 	28.95 	28.69 	28.41 	27.40 	27.80 	26.80 	26.10 	28.10 	27.40 	28.70 	24.80 	24.10 	29.90 	27.10 	26.90 	26.40 	: 
A1_100,SE	24.85 	24.58 	24.39 	25.10 	24.90 	24.83 	24.70 	25.40 	26.92 	27.60 	30.88 	31.19 	31.52 	31.24 	30.63 	32.39 	33.73 	34.15 	34.41 	34.52 	33.74 	: 
A1_100,SI	33.43 	33.33 	33.25 	33.09 	33.25 	33.24 	33.07 	32.94 	33.05 	32.85 	34.84 	34.72 	35.59 	35.44 	35.33 	35.44 	35.56 	33.20 	33.20 	33.00 	33.00 	: 
A1_100,SK	23.24 	23.08 	22.92 	22.76 	22.79 	22.85 	21.49 	21.40 	22.81 	22.31 	22.13 	21.76 	21.81 	20.55 	19.92 	20.67 	19.77 	22.16 	20.49 	20.36 	20.26 	: 
A1_100,TR	27.26 	27.37 	27.25 	27.02 	28.22 	27.42 	27.05 	27.04 	27.67 	30.42 	30.36 	30.50 	30.45 	29.77 	30.12 	30.92 	28.73 	22.87 	33.14 	32.81 	31.64 	: 
A1_100,UK	23.34 	23.41 	23.59 	23.97 	24.74 	25.11 	25.54 	25.33 	25.59 	27.01 	26.89 	26.85 	26.83 	26.72 	25.64 	25.53 	25.81 	24.37 	25.21 	25.18 	25.77 	: 
A1_100,US	25.98 	25.78 	25.60 	25.45 	22.91 	22.80 	22.93 	22.77 	22.18 	24.20 	24.41 	24.27 	24.37 	24.42 	24.66 	24.83 	24.91 	25.83 	25.76 	25.83 	25.81 	: 
A1_125,AT	35.13 	37.85 	37.56 	37.32 	36.96 	36.52 	35.83 	35.74 	36.90 	36.58 	36.22 	35.81 	36.36 	35.55 	34.94 	34.61 	33.87 	31.57 	31.35 	31.12 	29.75 	: 
A1_125,BE	44.54 	45.42 	45.73 	45.78 	46.06 	45.56 	45.41 	45.28 	45.86 	45.40 	45.22 	45.29 	45.20 	45.20 	46.08 	46.38 	46.41 	44.87 	44.72 	44.42 	44.22 	: 
A1_125,BG	: 	21.61 	21.61 	21.61 	21.61 	21.61 	20.89 	21.70 	21.70 	23.18 	22.52 	23.51 	21.89 	11.37 	22.56 	22.42 	24.36 	19.90 	21.33 	19.86 	21.15 	: 
A1_125,CH	18.98 	19.06 	19.16 	19.44 	19.25 	18.01 	17.99 	17.97 	17.77 	18.33 	17.99 	18.14 	18.08 	18.10 	18.43 	18.38 	18.25 	23.65 	23.94 	23.89 	24.58 	: 
A1_125,CY	: 	: 	: 	: 	: 	: 	: 	: 	: 	11.82 	12.00 	11.54 	8.46 	9.55 	9.86 	14.67 	14.39 	16.84 	16.25 	15.93 	16.02 	: 
A1_125,CZ	25.08 	24.87 	24.70 	24.52 	24.54 	24.59 	24.21 	24.05 	25.46 	25.19 	24.52 	25.23 	25.00 	24.67 	24.41 	24.00 	23.99 	24.17 	24.26 	24.33 	23.97 	: 
A1_125,DE	41.75 	41.69 	41.58 	41.48 	41.72 	41.77 	41.34 	43.46 	43.92 	44.26 	44.81 	44.56 	45.16 	46.35 	45.62 	45.10 	46.28 	44.99 	45.03 	47.71 	44.20 	: 
A1_125,DK	37.57 	37.45 	37.37 	38.17 	41.39 	40.99 	40.64 	43.70 	45.11 	45.16 	44.83 	44.67 	44.87 	45.86 	45.97 	46.91 	47.53 	47.65 	46.75 	48.37 	48.33 	: 
A1_125,EA17	: 	34.85 	34.82 	34.68 	34.68 	34.50 	34.02 	33.67 	33.67 	33.61 	33.74 	33.55 	33.97 	34.23 	34.28 	34.13 	34.97 	33.97 	33.69 	34.89 	33.60 	: 
A1_125,EA18	: 	34.81 	34.79 	34.65 	34.65 	34.48 	34.01 	33.64 	33.63 	33.57 	33.71 	33.52 	: 	: 	: 	: 	: 	: 	: 	: 	: 	: 
A1_125,EA19	: 	34.71 	34.68 	34.55 	34.54 	34.37 	33.91 	33.53 	33.53 	33.49 	33.62 	33.48 	: 	: 	: 	: 	: 	: 	: 	: 	: 	: 
A1_125,EE	18.89 	19.01 	20.23 	20.11 	20.57 	20.28 	20.14 	19.33 	18.59 	19.45 	19.68 	20.79 	22.84 	23.75 	23.50 	22.39 	22.75 	22.90 	22.70 	22.50 	21.80 	: 
A1_125,EL	28.03 	27.01 	29.51 	29.96 	29.76 	22.71 	21.92 	24.06 	23.16 	23.53 	22.38 	20.92 	20.88 	19.53 	19.22 	18.76 	19.34 	19.91 	20.33 	19.85 	19.55 	: 
A1_125,ES	24.00 	23.90 	25.28 	25.22 	25.18 	24.05 	23.77 	22.35 	21.95 	22.99 	22.85 	22.66 	22.45 	22.11 	22.76 	22.37 	22.01 	20.32 	22.04 	21.91 	21.72 	: 
A1_125,EU15	: 	33.33 	33.30 	33.29 	33.35 	33.28 	32.93 	32.72 	32.83 	32.95 	33.05 	32.87 	33.20 	33.40 	33.28 	33.22 	33.93 	33.10 	33.07 	34.08 	33.14 	: 
A1_125,EU25	: 	32.23 	32.21 	32.19 	32.34 	32.33 	32.05 	31.88 	32.09 	32.36 	32.46 	32.33 	32.64 	32.78 	32.66 	32.61 	33.18 	32.55 	31.34 	32.27 	31.54 	: 
A1_125,EU27	: 	31.86 	31.87 	31.85 	31.99 	32.08 	31.81 	31.63 	31.79 	32.09 	32.15 	32.03 	32.39 	32.36 	32.45 	32.26 	32.79 	32.48 	31.09 	31.92 	31.22 	: 
A1_125,EU28	: 	31.86 	31.87 	31.86 	31.99 	32.01 	31.75 	31.44 	31.59 	31.95 	32.01 	31.91 	: 	: 	: 	: 	: 	: 	: 	: 	: 	: 
A1_125,FI	34.46 	34.45 	34.15 	33.70 	33.07 	33.38 	32.64 	32.63 	33.88 	34.00 	34.06 	34.79 	34.56 	35.19 	35.66 	36.04 	37.26 	36.65 	38.46 	38.81 	40.46 	: 
A1_125,FR	31.82 	31.63 	31.41 	31.16 	31.01 	30.77 	30.27 	29.97 	30.17 	30.01 	30.57 	30.51 	30.20 	30.29 	30.56 	30.50 	30.29 	29.48 	29.02 	29.93 	29.40 	: 
A1_125,HR	: 	31.71 	32.68 	32.71 	: 	: 	: 	: 	: 	: 	: 	: 	: 	: 	: 	: 	: 	: 	: 	: 	: 	: 
A1_125,HU	33.50 	34.50 	34.50 	34.50 	35.87 	37.82 	35.39 	41.77 	42.52 	41.65 	39.11 	38.30 	40.00 	40.06 	40.40 	40.79 	40.17 	32.17 	32.62 	32.78 	33.36 	: 
A1_125,IE	25.30 	25.82 	26.56 	26.24 	24.61 	25.52 	27.60 	27.07 	24.56 	24.82 	26.64 	28.11 	27.97 	27.23 	27.11 	27.78 	31.81 	29.97 	30.50 	31.74 	33.93 	: 
A1_125,IS	30.80 	31.09 	30.53 	30.96 	30.30 	30.35 	27.96 	25.97 	26.40 	26.29 	27.38 	27.78 	28.06 	27.63 	27.17 	25.57 	25.33 	25.21 	25.64 	25.04 	25.56 	: 
A1_125,IT	34.73 	34.74 	34.90 	34.58 	34.23 	34.05 	32.76 	32.64 	32.24 	31.12 	30.47 	29.65 	31.34 	31.01 	30.97 	30.63 	31.36 	31.53 	31.52 	31.32 	30.51 	: 
A1_125,JP	23.28 	23.20 	22.96 	22.68 	22.47 	22.13 	21.78 	21.18 	21.35 	21.28 	20.43 	19.44 	19.16 	19.15 	20.90 	18.17 	18.07 	: 	: 	: 	: 	: 
A1_125,LT	: 	23.87 	23.64 	23.59 	23.39 	23.22 	23.10 	23.19 	24.11 	26.20 	25.77 	29.93 	29.29 	28.79 	30.37 	30.23 	30.20 	28.33 	28.70 	27.90 	28.43 	27.62 
A1_125,LU	34.78 	34.67 	33.91 	33.55 	32.13 	32.33 	30.53 	30.39 	31.31 	31.55 	30.60 	30.04 	29.33 	28.87 	28.37 	31.75 	33.28 	29.56 	28.34 	30.32 	29.69 	: 
A1_125,LV	29.46 	29.36 	30.04 	30.77 	31.54 	31.47 	31.16 	28.61 	28.38 	29.19 	29.63 	29.64 	29.80 	29.50 	29.30 	29.10 	29.00 	28.30 	28.20 	28.20 	22.30 	: 
A1_125,MT	: 	20.57 	21.34 	22.27 	22.33 	21.47 	19.83 	19.09 	19.49 	20.85 	22.34 	21.76 	22.40 	22.00 	23.20 	22.10 	21.40 	15.50 	14.40 	13.30 	12.60 	: 
A1_125,NL	33.61 	33.46 	39.71 	33.98 	34.57 	33.51 	34.76 	33.74 	34.28 	34.33 	34.25 	34.75 	34.84 	33.73 	33.28 	33.26 	37.16 	35.13 	34.85 	39.29 	38.73 	: 
A1_125,NO	31.11 	31.54 	31.80 	32.32 	32.33 	32.38 	31.95 	31.99 	32.60 	32.59 	32.23 	32.72 	33.93 	33.99 	34.49 	35.02 	34.42 	33.20 	33.31 	33.19 	33.43 	: 
A1_125,PL	25.34 	25.29 	25.24 	24.32 	25.09 	25.02 	24.98 	24.87 	25.54 	28.29 	29.23 	28.93 	28.65 	28.42 	28.17 	28.23 	28.34 	31.94 	16.43 	17.51 	18.59 	: 
A1_125,PT	30.15 	31.25 	30.34 	30.56 	25.33 	27.41 	25.37 	24.99 	25.14 	25.18 	24.65 	24.33 	25.03 	24.99 	25.20 	24.07 	25.16 	20.33 	20.70 	20.85 	20.57 	: 
A1_125,RO	: 	25.66 	26.39 	26.26 	29.55 	29.56 	29.32 	29.14 	28.10 	28.70 	27.80 	27.20 	29.90 	29.20 	30.60 	26.80 	25.90 	30.80 	29.10 	28.80 	28.20 	: 
A1_125,SE	29.54 	28.93 	28.87 	29.30 	29.17 	29.31 	29.24 	29.83 	31.82 	32.39 	35.02 	35.31 	35.43 	34.92 	34.47 	36.16 	37.37 	36.60 	37.39 	37.42 	36.49 	: 
A1_125,SI	35.37 	35.29 	35.23 	35.10 	35.22 	35.22 	35.08 	34.98 	35.07 	34.91 	37.44 	37.33 	38.34 	38.23 	38.14 	38.22 	38.32 	36.20 	36.30 	36.10 	36.10 	: 
A1_125,SK	24.56 	24.43 	24.31 	24.18 	24.21 	24.25 	23.17 	23.09 	24.22 	23.82 	23.68 	23.38 	23.42 	22.48 	21.99 	22.59 	21.73 	23.64 	22.02 	21.80 	21.65 	: 
A1_125,TR	29.55 	29.19 	28.80 	28.22 	30.26 	28.73 	28.17 	28.15 	28.78 	30.86 	30.81 	31.36 	31.12 	30.61 	31.13 	31.87 	27.65 	22.39 	33.60 	33.23 	31.41 	: 
A1_125,UK	25.67 	25.70 	25.73 	26.12 	26.45 	26.58 	26.66 	26.46 	26.69 	27.34 	27.08 	27.02 	26.97 	26.81 	25.97 	26.06 	25.98 	26.09 	26.77 	26.74 	27.42 	: 
A1_125,US	28.64 	28.48 	28.34 	28.22 	25.82 	25.72 	26.16 	25.87 	25.37 	26.92 	27.31 	27.15 	27.25 	27.32 	27.81 	28.11 	28.34 	28.27 	28.03 	28.20 	28.07 	: 
A1_167,AT	37.47 	39.41 	39.19 	39.02 	38.57 	38.52 	37.44 	37.23 	38.15 	37.94 	37.73 	37.42 	37.66 	37.57 	37.39 	37.27 	36.34 	35.28 	35.00 	34.71 	32.58 	: 
A1_167,BE	48.51 	49.11 	49.19 	49.24 	49.46 	49.08 	48.95 	48.88 	49.31 	48.91 	48.74 	48.78 	48.72 	48.72 	49.60 	49.94 	50.03 	48.79 	48.68 	48.45 	48.25 	: 
A1_167,BG	: 	21.61 	21.61 	21.61 	21.61 	21.61 	20.89 	21.70 	21.70 	25.37 	24.83 	25.57 	24.88 	14.36 	24.93 	24.88 	26.45 	21.97 	23.06 	22.45 	23.75 	: 
A1_167,CH	21.73 	21.75 	21.85 	22.19 	21.94 	20.71 	20.61 	20.60 	20.38 	20.95 	20.60 	20.79 	20.77 	20.79 	21.14 	21.12 	21.11 	26.74 	27.03 	26.97 	27.67 	: 
A1_167,CY	: 	: 	: 	: 	: 	: 	: 	: 	: 	16.21 	16.30 	15.83 	12.67 	14.26 	17.14 	20.43 	20.12 	22.47 	21.58 	21.18 	21.29 	: 
A1_167,CZ	26.59 	26.44 	26.31 	26.17 	26.18 	26.22 	25.93 	25.81 	27.28 	28.06 	27.15 	27.28 	26.95 	26.45 	26.07 	25.50 	25.49 	25.68 	25.86 	25.92 	25.79 	: 
A1_167,DE	43.86 	43.83 	43.82 	43.72 	43.75 	43.76 	43.78 	45.51 	45.70 	46.19 	47.10 	46.94 	48.39 	50.00 	48.03 	47.67 	48.77 	47.48 	47.54 	47.71 	46.66 	: 
A1_167,DK	42.15 	42.07 	41.95 	42.55 	45.05 	44.76 	44.50 	48.48 	49.57 	49.61 	49.37 	49.24 	49.39 	49.97 	50.07 	50.92 	51.48 	51.57 	50.41 	52.24 	52.58 	: 
A1_167,EA17	: 	37.88 	37.89 	37.73 	37.69 	37.42 	36.94 	36.67 	36.55 	36.55 	36.67 	36.50 	36.94 	37.40 	37.10 	36.88 	37.63 	36.60 	36.26 	36.62 	36.15 	: 
A1_167,EA18	: 	37.83 	37.84 	37.68 	37.64 	37.38 	36.90 	36.62 	36.50 	36.49 	36.62 	36.45 	: 	: 	: 	: 	: 	: 	: 	: 	: 	: 
A1_167,EA19	: 	37.70 	37.71 	37.55 	37.51 	37.25 	36.78 	36.49 	36.38 	36.39 	36.52 	36.39 	: 	: 	: 	: 	: 	: 	: 	: 	: 	: 
A1_167,EE	19.49 	19.58 	20.82 	20.73 	21.23 	21.02 	20.91 	20.09 	19.31 	20.20 	20.62 	21.78 	23.81 	24.50 	24.31 	23.29 	23.56 	23.70 	23.60 	23.40 	22.90 	: 
A1_167,EL	32.37 	32.22 	34.90 	35.34 	33.42 	26.16 	25.65 	27.29 	27.04 	27.74 	27.08 	25.99 	25.96 	24.95 	23.04 	21.47 	22.19 	23.22 	23.28 	22.23 	21.79 	: 
A1_167,ES	27.26 	27.32 	28.75 	28.50 	28.24 	26.66 	26.29 	25.14 	24.56 	25.30 	25.32 	25.08 	24.89 	24.65 	25.27 	24.79 	24.37 	23.25 	24.26 	23.95 	23.79 	: 
A1_167,EU15	: 	36.71 	36.71 	36.65 	36.66 	36.50 	36.13 	35.91 	35.96 	36.09 	36.18 	36.02 	36.36 	36.69 	36.23 	36.05 	36.67 	35.43 	35.33 	35.66 	35.46 	: 
A1_167,EU25	: 	35.21 	35.22 	35.17 	35.27 	35.20 	34.89 	34.78 	34.97 	35.25 	35.37 	35.24 	35.56 	35.82 	35.39 	35.23 	35.72 	34.80 	33.48 	33.85 	33.81 	: 
A1_167,EU27	: 	34.70 	34.74 	34.69 	34.79 	34.82 	34.53 	34.41 	34.55 	34.90 	34.99 	34.87 	35.29 	35.38 	35.16 	34.89 	35.33 	34.70 	33.27 	33.59 	33.54 	: 
A1_167,EU28	: 	34.69 	34.74 	34.70 	34.79 	34.73 	34.45 	34.17 	34.30 	34.75 	34.84 	34.73 	: 	: 	: 	: 	: 	: 	: 	: 	: 	: 
A1_167,FI	38.24 	38.08 	37.79 	37.29 	36.75 	36.92 	36.34 	36.22 	37.41 	37.65 	37.81 	38.55 	38.42 	39.07 	39.60 	40.15 	41.37 	40.89 	42.64 	43.01 	44.70 	: 
A1_167,FR	34.54 	34.39 	34.20 	33.98 	33.85 	33.65 	33.27 	33.05 	33.20 	33.08 	33.14 	33.06 	32.61 	32.63 	33.11 	32.82 	32.53 	31.04 	30.66 	31.46 	31.37 	: 
A1_167,HR	: 	34.36 	35.09 	35.15 	: 	: 	: 	: 	: 	: 	: 	: 	: 	: 	: 	: 	: 	: 	: 	: 	: 	: 
A1_167,HU	33.50 	34.50 	34.50 	34.50 	36.61 	37.82 	39.24 	44.57 	45.14 	44.48 	41.92 	41.60 	42.87 	42.67 	42.91 	43.21 	42.75 	39.00 	36.66 	37.18 	38.90 	: 
A1_167,IE	31.39 	32.15 	32.96 	32.72 	31.46 	32.14 	33.45 	32.80 	29.27 	29.47 	31.08 	32.17 	32.08 	31.53 	31.44 	31.95 	35.50 	35.39 	35.88 	37.37 	39.14 	: 
A1_167,IS	34.22 	34.00 	33.42 	33.86 	32.94 	32.90 	30.60 	28.41 	28.37 	28.29 	29.35 	31.89 	34.31 	34.98 	36.63 	35.09 	35.01 	34.92 	33.60 	28.59 	29.41 	: 
A1_167,IT	39.49 	39.50 	38.77 	38.33 	38.05 	37.92 	36.78 	36.68 	36.39 	35.52 	34.86 	34.03 	34.43 	34.14 	33.96 	33.57 	34.27 	33.82 	33.81 	33.64 	32.98 	: 
A1_167,JP	25.92 	25.85 	25.62 	25.34 	25.11 	24.79 	24.48 	23.99 	24.22 	24.15 	23.11 	21.92 	21.69 	21.67 	22.83 	21.22 	21.11 	: 	: 	: 	: 	: 
A1_167,LT	: 	24.00 	24.00 	24.00 	24.00 	24.00 	24.00 	24.00 	24.84 	27.16 	26.83 	31.46 	30.98 	30.60 	31.79 	31.68 	31.66 	29.76 	30.03 	29.44 	29.83 	29.22 
A1_167,LU	38.63 	38.56 	37.86 	37.57 	36.24 	36.56 	34.67 	34.53 	35.23 	35.39 	34.58 	34.16 	33.61 	33.27 	32.88 	36.35 	37.95 	35.14 	33.88 	36.22 	35.49 	: 
A1_167,LV	29.87 	29.79 	30.53 	31.17 	31.97 	31.91 	31.54 	28.94 	29.23 	29.83 	30.17 	30.17 	30.30 	30.10 	29.90 	29.80 	29.70 	29.20 	29.10 	29.10 	23.50 	: 
A1_167,MT	: 	21.69 	23.27 	24.72 	25.52 	24.88 	23.64 	23.09 	23.39 	24.41 	25.52 	25.09 	26.40 	26.30 	27.10 	26.60 	26.20 	20.20 	19.10 	18.00 	17.20 	: 
A1_167,NL	37.93 	38.31 	47.57 	38.41 	38.26 	37.44 	38.65 	37.85 	38.27 	38.27 	37.55 	38.28 	38.34 	37.37 	37.05 	36.93 	40.37 	39.09 	38.90 	42.42 	42.16 	: 
A1_167,NO	34.43 	34.84 	35.05 	35.62 	35.61 	35.66 	35.24 	35.28 	35.87 	35.87 	35.38 	36.49 	37.77 	37.82 	38.20 	38.59 	38.14 	37.23 	37.36 	37.27 	37.44 	: 
A1_167,PL	25.67 	25.64 	25.60 	24.91 	25.48 	25.43 	25.40 	25.32 	26.56 	28.80 	30.07 	29.47 	29.22 	28.99 	28.76 	28.80 	28.88 	32.50 	17.07 	18.21 	19.80 	: 
A1_167,PT	34.36 	35.61 	34.95 	35.24 	30.16 	32.87 	30.45 	29.88 	30.03 	29.97 	29.14 	28.60 	29.13 	29.06 	29.37 	27.53 	28.58 	24.24 	24.52 	24.64 	24.43 	: 
A1_167,RO	: 	25.66 	26.50 	26.50 	29.86 	29.86 	29.86 	29.81 	28.85 	29.60 	29.00 	28.50 	32.50 	31.80 	32.90 	29.50 	28.80 	32.30 	32.40 	32.10 	31.50 	: 
A1_167,SE	36.15 	35.18 	35.14 	35.39 	35.24 	35.39 	35.34 	35.80 	37.41 	37.82 	39.80 	39.96 	39.95 	39.42 	38.97 	40.31 	41.10 	40.31 	42.04 	42.34 	41.66 	: 
A1_167,SI	37.37 	37.85 	37.72 	37.47 	39.05 	39.04 	38.79 	38.59 	38.76 	38.45 	40.81 	38.76 	41.23 	41.13 	41.05 	41.13 	41.21 	39.30 	39.40 	39.30 	39.20 	: 
A1_167,SK	25.89 	25.80 	25.70 	25.60 	25.44 	25.46 	24.69 	24.59 	25.39 	25.11 	24.99 	24.76 	24.79 	25.32 	24.56 	25.24 	24.38 	25.16 	23.91 	23.75 	23.64 	: 
A1_167,TR	31.86 	31.58 	31.29 	30.86 	32.35 	31.20 	30.52 	30.25 	31.22 	32.62 	32.38 	32.73 	32.55 	32.17 	32.27 	31.75 	26.94 	22.44 	34.23 	33.79 	32.21 	: 
A1_167,UK	29.77 	29.80 	29.82 	30.12 	30.33 	30.43 	30.25 	29.84 	30.27 	30.75 	30.56 	30.51 	30.47 	30.32 	29.09 	28.89 	28.77 	26.59 	26.99 	26.96 	27.96 	: 
A1_167,US	31.32 	31.20 	31.10 	31.01 	28.72 	28.63 	29.46 	29.25 	28.87 	29.92 	30.22 	30.09 	30.19 	30.26 	31.17 	31.57 	31.89 	31.93 	31.75 	31.87 	31.78 	: 
A1_2CH_67,AT	5.85 	9.25 	8.59 	8.08 	6.80 	5.41 	4.96 	4.68 	8.29 	7.27 	6.14 	4.85 	4.95 	4.37 	3.68 	2.88 	1.84 	-7.13 	-5.19 	-5.74 	-4.07 	: 
A1_2CH_67,BE	15.75 	17.82 	18.33 	18.38 	18.80 	17.34 	16.68 	16.34 	17.52 	17.13 	17.07 	16.88 	16.58 	16.46 	17.10 	16.97 	15.95 	11.83 	11.54 	11.32 	10.79 	: 
A1_2CH_67,BG	: 	-18.97 	-22.55 	-14.30 	-16.29 	-18.55 	-22.09 	4.69 	7.99 	-0.99 	-3.43 	-4.25 	-6.61 	3.46 	-2.30 	2.78 	5.59 	0.21 	2.26 	-0.07 	2.00 	: 
A1_2CH_67,CH	-2.14 	-2.03 	-1.88 	-1.37 	-1.33 	-3.23 	-3.49 	-3.50 	-5.24 	-1.78 	-2.21 	-1.87 	-2.00 	-1.96 	-1.77 	-1.78 	-1.96 	1.85 	2.99 	2.85 	4.33 	: 
A1_2CH_67,CY	: 	: 	: 	: 	: 	: 	: 	: 	: 	1.71 	1.43 	1.26 	6.30 	6.30 	6.93 	6.88 	6.89 	6.90 	6.85 	6.86 	6.86 	: 
A1_2CH_67,CZ	-0.50 	-1.02 	-0.75 	-1.68 	-14.02 	-12.03 	-12.93 	-13.33 	-14.84 	-12.93 	-9.33 	-11.31 	-10.43 	-12.59 	-14.43 	-15.71 	-18.12 	-15.92 	-15.47 	0.49 	0.32 	: 
A1_2CH_67,DE	17.62 	17.33 	17.93 	17.58 	17.65 	17.62 	16.11 	17.91 	20.34 	20.19 	20.04 	19.54 	18.98 	18.42 	17.39 	17.24 	17.72 	16.62 	18.57 	18.09 	18.12 	: 
A1_2CH_67,DK	6.63 	6.28 	5.81 	7.84 	11.65 	11.35 	10.97 	12.89 	13.54 	13.60 	12.93 	12.54 	12.83 	13.56 	13.71 	14.16 	14.85 	13.63 	12.92 	14.11 	13.62 	: 
A1_2CH_67,EA17	: 	10.06 	11.33 	11.64 	11.65 	11.54 	11.22 	10.38 	11.43 	10.78 	11.57 	11.56 	11.50 	10.94 	10.91 	11.15 	11.79 	9.64 	10.18 	11.21 	11.51 	: 
A1_2CH_67,EA18	: 	9.86 	11.15 	11.53 	11.54 	11.46 	11.13 	10.12 	11.04 	10.53 	11.35 	11.30 	: 	: 	: 	: 	: 	: 	: 	: 	: 	: 
A1_2CH_67,EA19	: 	9.69 	10.96 	11.33 	11.34 	11.18 	10.84 	9.81 	10.76 	10.55 	11.33 	11.27 	: 	: 	: 	: 	: 	: 	: 	: 	: 	: 
A1_2CH_67,EE	-5.40 	-4.80 	2.66 	1.63 	0.77 	-1.69 	-2.95 	-3.62 	-8.50 	-4.30 	-9.25 	-4.58 	-4.71 	-1.52 	-3.88 	-6.19 	-8.62 	-11.90 	-14.40 	-8.00 	-10.00 	: 
A1_2CH_67,EL	14.69 	13.75 	14.48 	15.10 	20.96 	16.50 	16.00 	16.00 	16.00 	16.00 	16.00 	16.00 	16.00 	16.00 	15.90 	15.90 	15.90 	15.90 	15.90 	15.90 	15.90 	: 
A1_2CH_67,ES	1.77 	1.53 	9.81 	9.63 	9.33 	8.46 	7.48 	6.35 	6.72 	6.56 	8.86 	8.52 	8.09 	7.56 	8.04 	7.34 	6.68 	6.40 	7.11 	7.81 	7.47 	: 
A1_2CH_67,EU15	: 	7.99 	8.86 	9.30 	9.40 	9.40 	9.26 	9.05 	10.29 	10.57 	11.06 	10.94 	10.86 	10.41 	10.33 	10.58 	11.69 	9.81 	10.26 	11.08 	11.29 	: 
A1_2CH_67,EU25	: 	7.65 	8.81 	9.19 	8.97 	8.94 	8.74 	8.71 	9.72 	10.39 	10.97 	10.73 	10.28 	9.85 	9.77 	10.03 	10.93 	9.47 	8.60 	9.92 	10.03 	: 
A1_2CH_67,EU27	: 	7.04 	8.39 	8.82 	8.62 	8.95 	8.73 	8.72 	9.94 	10.19 	10.85 	10.25 	10.03 	9.65 	9.61 	9.69 	10.60 	9.55 	8.38 	9.56 	8.90 	: 
A1_2CH_67,EU28	: 	7.07 	8.41 	8.84 	8.63 	8.79 	8.55 	7.59 	8.28 	9.84 	10.47 	9.86 	: 	: 	: 	: 	: 	: 	: 	: 	: 	: 
A1_2CH_67,FI	10.73 	11.02 	10.47 	10.05 	8.72 	9.82 	7.90 	7.96 	9.22 	9.47 	8.93 	9.44 	8.55 	9.82 	9.81 	9.62 	10.32 	8.04 	9.18 	9.45 	10.29 	: 
A1_2CH_67,FR	1.00 	15.91 	15.41 	15.14 	14.97 	14.85 	14.56 	14.36 	14.57 	14.19 	14.34 	14.16 	14.33 	14.16 	13.79 	13.60 	13.96 	11.98 	11.51 	12.24 	11.77 	: 
A1_2CH_67,HR	: 	11.34 	11.20 	11.14 	: 	: 	: 	: 	: 	: 	: 	: 	: 	: 	: 	: 	: 	: 	: 	: 	: 	: 
A1_2CH_67,HU	3.97 	6.47 	5.41 	4.23 	3.05 	-2.80 	5.68 	6.81 	5.23 	4.01 	-0.24 	-1.14 	-0.04 	-1.82 	2.06 	3.64 	4.75 	-10.12 	-7.02 	-6.12 	-7.41 	: 
A1_2CH_67,IE	-31.55 	-31.87 	-32.44 	-33.65 	-39.49 	-37.98 	-21.28 	-19.97 	-18.48 	-17.56 	-17.89 	-8.71 	-9.12 	-7.60 	-1.12 	2.54 	6.33 	-14.16 	-14.51 	-9.85 	-5.66 	: 
A1_2CH_67,IS	15.85 	14.40 	11.86 	12.81 	8.72 	11.47 	1.62 	-2.11 	-0.23 	0.65 	0.65 	-0.48 	0.08 	-1.78 	-4.18 	-9.03 	-9.50 	-8.72 	-11.59 	-18.67 	-23.47 	: 
A1_2CH_67,IT	1.43 	1.44 	2.54 	6.23 	6.42 	6.26 	3.82 	3.54 	2.72 	-0.32 	3.90 	2.45 	3.05 	0.57 	1.96 	4.24 	4.86 	3.10 	3.84 	5.90 	7.98 	: 
A1_2CH_67,JP	13.51 	13.40 	13.04 	12.59 	12.41 	8.26 	7.38 	11.33 	11.64 	11.55 	11.35 	12.60 	12.31 	14.12 	15.97 	12.85 	12.80 	: 	: 	: 	: 	: 
A1_2CH_67,LT	: 	-7.04 	-8.82 	-8.64 	-18.21 	-20.29 	-21.79 	-20.66 	-14.87 	11.94 	9.36 	9.01 	19.26 	18.00 	19.72 	19.29 	19.22 	17.59 	18.41 	16.07 	16.74 	13.75 
A1_2CH_67,LU	-3.76 	-4.05 	-5.37 	-6.53 	-8.87 	-9.59 	-11.10 	-11.34 	-9.00 	-6.83 	-7.88 	-8.04 	-8.61 	-8.69 	-9.08 	-5.91 	-6.38 	-8.86 	-6.81 	-4.39 	-4.22 	: 
A1_2CH_67,LV	7.87 	7.31 	7.82 	-4.69 	-1.39 	-2.93 	-3.61 	13.67 	11.13 	13.55 	15.85 	14.36 	15.00 	12.90 	14.40 	13.20 	12.20 	7.40 	7.10 	6.50 	-5.50 	: 
A1_2CH_67,MT	: 	-0.47 	-1.17 	-0.03 	-0.82 	-1.84 	-5.07 	-6.37 	-6.89 	-4.81 	-5.06 	-6.07 	-2.70 	-3.30 	-3.20 	-5.30 	-6.50 	-16.40 	-17.80 	-19.70 	-20.80 	: 
A1_2CH_67,NL	-2.83 	1.00 	2.99 	3.36 	2.98 	3.09 	6.23 	2.72 	4.89 	4.42 	5.02 	9.80 	9.48 	10.04 	9.16 	10.07 	13.87 	9.46 	8.56 	17.17 	16.86 	: 
A1_2CH_67,NO	11.83 	11.98 	11.88 	11.87 	11.38 	11.06 	9.85 	9.53 	10.21 	9.61 	8.68 	7.98 	8.47 	8.01 	7.94 	7.16 	5.52 	-0.02 	-1.37 	-3.89 	-3.70 	: 
A1_2CH_67,PL	17.83 	17.83 	17.83 	17.83 	17.83 	17.83 	17.83 	17.83 	17.83 	21.01 	24.69 	24.16 	16.10 	17.62 	17.09 	17.53 	17.96 	23.99 	4.67 	7.45 	7.97 	: 
A1_2CH_67,PT	2.74 	7.50 	7.22 	7.79 	4.77 	5.64 	2.96 	2.64 	6.10 	6.99 	5.91 	5.37 	6.25 	4.99 	5.98 	4.05 	9.02 	3.43 	3.44 	3.94 	3.51 	: 
A1_2CH_67,RO	: 	0.96 	9.86 	8.36 	19.77 	19.82 	12.14 	10.79 	17.18 	9.80 	13.90 	3.00 	10.10 	6.50 	10.00 	3.30 	3.70 	11.50 	5.70 	5.10 	-13.10 	: 
A1_2CH_67,SE	12.70 	12.25 	11.94 	12.23 	11.69 	11.27 	10.86 	11.91 	12.67 	13.13 	16.29 	18.37 	18.72 	17.94 	17.46 	18.37 	20.07 	19.49 	20.07 	21.41 	20.31 	: 
A1_2CH_67,SI	-4.04 	-4.38 	-4.59 	-0.84 	-1.13 	-1.77 	-2.37 	-1.76 	-1.34 	-0.12 	-1.27 	-2.17 	0.12 	-0.50 	-0.86 	-1.23 	-2.24 	24.00 	24.00 	23.90 	23.80 	: 
A1_2CH_67,SK	5.23 	4.64 	4.06 	3.39 	3.37 	3.59 	0.78 	0.88 	4.27 	2.40 	0.87 	0.24 	-0.26 	-2.05 	-3.57 	-1.80 	-3.19 	-13.28 	-9.04 	-10.02 	-10.71 	: 
A1_2CH_67,TR	22.39 	23.16 	22.97 	22.60 	24.77 	23.37 	22.73 	22.81 	23.91 	29.34 	29.24 	29.45 	29.38 	28.35 	28.88 	29.67 	27.20 	24.10 	33.53 	33.98 	32.62 	: 
A1_2CH_67,UK	-2.44 	-3.46 	-4.14 	-3.09 	-2.35 	-1.71 	2.08 	0.52 	2.69 	7.32 	5.78 	5.01 	4.81 	4.70 	4.32 	4.50 	7.37 	6.67 	7.07 	6.66 	6.47 	: 
A1_2CH_67,US	5.04 	4.33 	3.69 	3.11 	0.07 	-1.35 	-2.51 	-5.40 	-6.02 	-1.58 	-0.32 	-1.24 	-1.43 	-1.44 	1.35 	1.44 	2.42 	1.48 	4.83 	5.45 	5.01 	: 
A1_33,EA17	: 	: 	: 	: 	19.55 	19.37 	18.56 	: 	: 	: 	: 	: 	: 	: 	: 	: 	: 	: 	: 	: 	: 	: 
A1_33,EA18	: 	: 	: 	: 	31.02 	30.78 	28.27 	27.55 	28.56 	29.11 	29.12 	29.30 	: 	: 	: 	: 	: 	: 	: 	: 	: 	: 
A1_33,EA19	: 	: 	: 	: 	22.27 	22.12 	22.24 	23.39 	25.24 	24.70 	28.41 	27.62 	: 	: 	: 	: 	: 	: 	: 	: 	: 	: 
A1_33,EU15	: 	: 	: 	: 	25.11 	25.54 	25.33 	: 	: 	: 	: 	: 	: 	: 	: 	: 	: 	: 	: 	: 	: 	: 
A1_33,EU25	: 	: 	: 	: 	22.85 	21.49 	21.40 	: 	: 	: 	: 	: 	: 	: 	: 	: 	: 	: 	: 	: 	: 	: 
A1_33,EU27	: 	: 	: 	: 	21.61 	20.89 	21.70 	: 	: 	: 	: 	: 	: 	: 	: 	: 	: 	: 	: 	: 	: 	: 
A1_33,EU28	: 	: 	: 	: 	21.61 	20.89 	21.70 	21.70 	14.73 	12.93 	21.45 	19.11 	: 	: 	: 	: 	: 	: 	: 	: 	: 	: 
A1_50,AT	20.89 	23.33 	22.81 	23.06 	21.73 	20.92 	21.20 	21.03 	22.73 	22.04 	21.27 	20.39 	21.54 	22.55 	21.94 	21.63 	20.94 	18.06 	18.06 	18.06 	18.06 	: 
A1_50,BE	21.57 	24.98 	25.94 	26.15 	27.52 	26.43 	26.11 	25.80 	26.91 	26.31 	26.12 	27.80 	23.07 	26.81 	29.36 	29.92 	29.66 	27.64 	27.59 	27.24 	26.98 	: 
A1_50,BG	: 	21.61 	21.61 	21.61 	21.61 	21.61 	20.89 	21.70 	21.70 	12.43 	12.43 	13.12 	10.50 	0.15 	10.50 	9.28 	12.70 	7.60 	11.00 	9.33 	12.11 	: 
A1_50,CH	12.14 	12.16 	12.24 	12.45 	12.31 	11.32 	11.17 	11.18 	11.10 	11.81 	11.66 	11.62 	11.61 	11.75 	12.04 	11.74 	11.75 	16.91 	16.98 	16.97 	17.54 	: 
A1_50,CY	: 	: 	: 	: 	: 	: 	: 	: 	: 	6.30 	6.30 	6.30 	6.30 	6.30 	6.78 	6.80 	6.80 	6.81 	6.73 	6.74 	6.74 	: 
A1_50,CZ	16.05 	15.53 	15.11 	14.64 	14.70 	14.82 	13.88 	13.48 	14.53 	17.26 	16.84 	20.42 	20.17 	19.81 	19.53 	19.07 	19.12 	19.30 	19.35 	19.48 	19.33 	: 
A1_50,DE	31.00 	30.89 	30.76 	30.77 	31.13 	31.24 	30.38 	31.13 	31.90 	32.07 	32.22 	31.76 	31.08 	32.16 	31.34 	30.56 	31.38 	30.03 	30.70 	36.66 	29.76 	: 
A1_50,DK	31.23 	31.13 	30.80 	30.97 	35.69 	35.44 	35.27 	36.61 	37.19 	37.60 	37.53 	37.52 	37.61 	38.15 	38.21 	38.70 	39.26 	38.64 	37.41 	38.66 	38.65 	: 
A1_50,EA17	: 	21.31 	21.52 	22.24 	22.58 	22.55 	22.22 	21.02 	21.05 	21.02 	21.50 	21.66 	21.32 	21.87 	22.44 	22.55 	23.34 	22.39 	22.50 	24.66 	22.60 	: 
A1_50,EA18	: 	21.35 	21.56 	22.28 	22.61 	22.59 	22.26 	21.08 	21.10 	21.05 	21.54 	21.70 	: 	: 	: 	: 	: 	: 	: 	: 	: 	: 
A1_50,EA19	: 	21.32 	21.52 	22.25 	22.57 	22.55 	22.22 	21.05 	21.08 	21.05 	21.52 	21.69 	: 	: 	: 	: 	: 	: 	: 	: 	: 	: 
A1_50,EE	10.18 	15.61 	16.70 	16.39 	16.62 	15.89 	15.53 	14.75 	14.26 	14.92 	14.00 	14.83 	16.98 	19.26 	18.64 	16.96 	17.88 	18.30 	17.80 	17.30 	15.50 	: 
A1_50,EL	15.79 	15.50 	16.00 	16.50 	20.35 	16.50 	16.00 	16.00 	16.00 	16.00 	16.00 	16.00 	16.00 	16.00 	15.90 	15.90 	15.90 	15.90 	15.93 	15.90 	15.90 	: 
A1_50,ES	10.21 	9.90 	12.03 	11.79 	11.59 	10.36 	9.08 	8.66 	7.97 	10.06 	11.17 	10.84 	10.48 	10.03 	11.22 	10.64 	10.09 	7.61 	10.08 	9.77 	9.59 	: 
A1_50,EU15	: 	20.41 	20.60 	21.34 	21.72 	21.95 	21.81 	21.17 	21.30 	21.46 	21.92 	22.06 	21.78 	22.14 	22.39 	22.49 	23.25 	21.75 	22.21 	23.99 	22.34 	: 
A1_50,EU25	: 	20.56 	20.72 	21.32 	21.80 	22.00 	21.71 	21.00 	21.18 	21.55 	21.89 	22.05 	21.82 	22.10 	22.43 	22.58 	23.24 	22.11 	21.19 	22.78 	21.44 	: 
A1_50,EU27	: 	20.65 	20.81 	21.37 	21.83 	22.13 	21.86 	21.16 	21.29 	21.50 	21.78 	21.92 	21.65 	21.75 	22.17 	22.24 	22.87 	22.25 	21.12 	22.58 	21.35 	: 
A1_50,EU28	: 	20.66 	20.83 	21.38 	21.84 	22.13 	21.85 	21.15 	21.27 	21.36 	21.64 	21.79 	: 	: 	: 	: 	: 	: 	: 	: 	: 	: 
A1_50,FI	18.69 	19.32 	19.09 	18.86 	17.91 	18.87 	18.28 	18.31 	19.60 	19.79 	19.83 	20.51 	20.25 	21.25 	21.72 	22.38 	23.78 	23.27 	25.24 	25.57 	26.95 	: 
A1_50,FR	18.40 	22.06 	19.44 	19.05 	20.31 	20.13 	18.41 	17.51 	17.49 	17.07 	18.36 	19.08 	19.16 	19.31 	18.90 	20.76 	21.67 	21.01 	20.76 	21.37 	21.66 	: 
A1_50,HR	: 	21.90 	23.13 	23.10 	: 	: 	: 	: 	: 	: 	: 	: 	: 	: 	: 	: 	: 	: 	: 	: 	: 	: 
A1_50,HU	33.50 	34.50 	34.50 	34.50 	34.50 	26.75 	23.77 	23.82 	23.35 	22.74 	18.65 	17.96 	19.23 	18.15 	23.66 	27.17 	26.48 	20.64 	15.27 	16.13 	16.22 	: 
A1_50,IE	3.11 	3.08 	3.70 	3.41 	2.81 	2.85 	6.16 	6.23 	4.62 	4.83 	6.82 	8.11 	8.45 	8.77 	9.33 	10.04 	10.94 	10.20 	13.03 	14.54 	16.10 	: 
A1_50,IS	21.57 	20.53 	19.20 	19.50 	17.80 	17.97 	12.54 	11.36 	14.56 	14.28 	15.58 	15.13 	14.60 	13.57 	12.43 	10.44 	9.22 	8.97 	7.92 	3.74 	2.49 	: 
A1_50,IT	15.88 	15.89 	17.78 	23.09 	22.71 	22.52 	21.17 	21.03 	20.60 	19.37 	19.52 	18.47 	17.93 	17.43 	21.65 	21.37 	21.35 	22.14 	22.13 	22.00 	20.97 	: 
A1_50,JP	19.76 	19.68 	19.46 	19.18 	18.98 	18.66 	18.29 	17.64 	17.76 	17.66 	17.22 	16.46 	16.21 	16.20 	18.02 	14.87 	14.84 	: 	: 	: 	: 	: 
A1_50,LT	: 	17.82 	17.24 	18.48 	17.96 	17.55 	17.25 	17.47 	19.78 	20.50 	19.43 	20.82 	19.23 	17.97 	21.93 	21.57 	21.51 	19.83 	20.75 	18.76 	20.09 	18.04 
A1_50,LU	18.20 	18.12 	17.40 	17.05 	16.17 	16.49 	15.24 	15.11 	16.40 	16.51 	15.79 	15.43 	14.93 	14.69 	14.42 	16.29 	17.91 	16.37 	15.41 	16.14 	15.61 	: 
A1_50,LV	27.02 	26.77 	27.12 	28.39 	28.98 	28.79 	28.91 	26.62 	23.33 	25.35 	26.46 	26.47 	26.80 	26.20 	25.60 	25.20 	24.80 	23.10 	23.00 	22.80 	14.90 	: 
A1_50,MT	: 	10.02 	9.76 	10.18 	9.83 	9.36 	8.35 	7.67 	7.98 	7.94 	8.29 	7.76 	9.10 	9.10 	8.90 	9.10 	9.20 	6.70 	6.10 	6.60 	6.50 	: 
A1_50,NL	16.08 	19.22 	19.60 	21.55 	21.37 	21.44 	21.85 	21.50 	21.08 	20.80 	21.43 	25.95 	25.20 	24.99 	23.86 	23.66 	28.24 	26.57 	25.63 	30.70 	31.32 	: 
A1_50,NO	20.96 	21.54 	21.85 	22.09 	22.10 	22.15 	21.68 	21.73 	22.39 	22.39 	22.21 	23.18 	24.05 	24.07 	24.46 	24.71 	24.44 	24.38 	24.66 	24.55 	24.53 	: 
A1_50,PL	23.34 	23.22 	23.09 	20.80 	22.71 	22.54 	22.44 	22.17 	22.55 	25.25 	26.10 	25.64 	25.26 	24.98 	24.68 	24.82 	25.10 	28.62 	12.58 	13.78 	14.97 	: 
A1_50,PT	11.00 	11.00 	11.00 	11.00 	11.00 	14.16 	13.92 	13.84 	14.07 	14.21 	13.69 	13.46 	14.26 	14.26 	14.45 	13.52 	14.60 	11.00 	11.00 	11.00 	11.16 	: 
A1_50,RO	: 	22.89 	23.17 	22.78 	26.04 	26.06 	25.66 	25.33 	24.24 	24.30 	22.90 	21.90 	21.80 	20.80 	19.70 	18.10 	17.20 	25.70 	23.30 	23.20 	22.90 	: 
A1_50,SE	20.08 	19.79 	19.59 	20.19 	19.97 	19.90 	19.73 	20.63 	21.75 	22.67 	26.40 	27.13 	27.90 	27.58 	27.15 	28.50 	29.44 	29.39 	30.59 	30.48 	29.69 	: 
A1_50,SI	23.16 	23.03 	22.94 	22.76 	22.94 	22.93 	22.73 	24.39 	24.50 	28.44 	28.67 	28.76 	31.31 	31.27 	31.24 	31.27 	31.31 	30.40 	30.50 	30.40 	30.40 	: 
A1_50,SK	14.98 	14.46 	15.99 	15.66 	15.74 	15.85 	13.13 	12.94 	15.77 	14.77 	14.41 	13.68 	13.76 	17.03 	16.75 	17.31 	16.44 	18.69 	15.79 	15.52 	15.33 	: 
A1_50,TR	21.28 	21.98 	21.74 	21.37 	23.77 	22.17 	21.69 	21.91 	22.74 	28.35 	28.35 	28.41 	28.35 	27.07 	27.64 	28.43 	26.28 	25.90 	33.22 	34.25 	33.82 	: 
A1_50,UK	14.68 	14.82 	15.17 	15.93 	17.47 	18.22 	20.07 	19.65 	20.17 	21.02 	20.77 	20.70 	20.66 	20.44 	19.27 	19.06 	19.62 	15.73 	17.42 	17.35 	17.54 	: 
A1_50,US	20.92 	20.79 	20.68 	20.57 	17.20 	17.03 	16.48 	16.17 	14.98 	19.48 	19.75 	19.62 	19.72 	19.76 	20.05 	20.19 	20.26 	21.76 	21.61 	21.75 	21.73 	: 
A1_67,AT	26.26 	29.17 	28.79 	28.46 	27.90 	27.29 	26.80 	26.68 	28.31 	27.85 	27.34 	26.76 	27.59 	27.05 	26.47 	26.17 	25.56 	23.17 	22.91 	22.39 	22.20 	: 
A1_67,BE	33.39 	35.36 	35.91 	35.99 	36.29 	35.60 	35.39 	35.20 	36.03 	35.34 	35.05 	35.00 	34.70 	34.80 	35.80 	35.86 	35.75 	33.93 	33.94 	33.58 	33.28 	: 
A1_67,BG	: 	21.61 	21.61 	21.61 	21.61 	21.61 	20.89 	21.70 	21.70 	15.82 	14.92 	16.97 	13.65 	3.52 	14.40 	13.93 	17.18 	12.76 	15.37 	13.47 	15.23 	: 
A1_67,CH	13.99 	14.04 	14.12 	14.37 	14.15 	12.98 	12.85 	12.86 	12.75 	13.38 	13.17 	13.15 	13.12 	13.25 	13.54 	13.54 	13.57 	18.81 	18.91 	18.89 	19.23 	: 
A1_67,CY	: 	: 	: 	: 	: 	: 	: 	: 	: 	6.30 	6.30 	6.30 	6.30 	6.30 	6.93 	6.88 	6.89 	7.01 	6.85 	6.86 	6.86 	: 
A1_67,CZ	19.87 	19.48 	19.16 	18.82 	18.80 	18.89 	18.18 	17.88 	19.08 	19.74 	19.05 	21.72 	21.53 	21.26 	21.05 	20.71 	20.74 	20.88 	20.92 	21.01 	20.90 	: 
A1_67,DE	34.71 	34.63 	34.50 	34.49 	34.79 	34.91 	34.20 	35.46 	36.16 	36.38 	36.65 	36.32 	35.80 	36.92 	36.23 	35.62 	36.76 	35.99 	36.49 	36.66 	35.64 	: 
A1_67,DK	33.48 	33.41 	33.12 	33.28 	36.99 	36.80 	36.67 	37.98 	38.53 	38.92 	38.87 	38.86 	38.93 	39.44 	39.49 	40.12 	40.93 	40.83 	40.03 	41.39 	41.34 	: 
A1_67,EA17	: 	26.73 	27.14 	27.65 	27.59 	27.56 	27.24 	26.49 	26.56 	26.62 	26.71 	26.76 	26.53 	26.85 	27.13 	26.94 	27.63 	26.52 	26.55 	27.08 	26.53 	: 
A1_67,EA18	: 	26.74 	27.15 	27.66 	27.60 	27.57 	27.26 	26.52 	26.58 	26.62 	26.72 	26.77 	: 	: 	: 	: 	: 	: 	: 	: 	: 	: 
A1_67,EA19	: 	26.68 	27.08 	27.59 	27.53 	27.50 	27.19 	26.45 	26.53 	26.58 	26.67 	26.75 	: 	: 	: 	: 	: 	: 	: 	: 	: 	: 
A1_67,EE	16.82 	17.05 	18.19 	17.96 	18.27 	17.72 	17.45 	16.66 	16.06 	16.81 	16.36 	17.31 	19.42 	21.13 	20.66 	19.22 	19.91 	20.30 	19.90 	19.50 	18.10 	: 
A1_67,EL	20.19 	18.50 	19.15 	19.72 	22.52 	17.22 	16.00 	16.00 	16.00 	16.00 	16.00 	16.00 	16.00 	16.00 	15.90 	15.90 	15.90 	15.92 	16.97 	16.79 	16.64 	: 
A1_67,ES	16.77 	16.67 	18.52 	18.45 	18.34 	17.69 	17.32 	14.72 	14.16 	16.30 	16.31 	15.97 	15.52 	14.89 	16.14 	15.49 	14.88 	11.86 	15.05 	14.67 	14.25 	: 
A1_67,EU15	: 	25.50 	25.87 	26.40 	26.43 	26.61 	26.46 	26.07 	26.21 	26.53 	26.67 	26.71 	26.52 	26.74 	26.77 	26.63 	27.31 	25.90 	26.22 	26.66 	26.28 	: 
A1_67,EU25	: 	25.19 	25.49 	25.93 	26.08 	26.24 	25.99 	25.56 	25.76 	26.19 	26.28 	26.34 	26.21 	26.36 	26.46 	26.39 	26.96 	25.93 	24.94 	25.39 	25.12 	: 
A1_67,EU27	: 	25.11 	25.40 	25.81 	25.96 	26.22 	25.99 	25.54 	25.69 	26.02 	26.05 	26.13 	25.96 	25.94 	26.24 	26.02 	26.58 	26.00 	24.77 	25.16 	24.92 	: 
A1_67,EU28	: 	25.10 	25.40 	25.81 	25.95 	26.19 	25.96 	25.45 	25.59 	25.86 	25.89 	26.00 	: 	: 	: 	: 	: 	: 	: 	: 	: 	: 
A1_67,FI	23.62 	24.04 	23.75 	23.40 	22.40 	23.06 	22.13 	22.35 	23.85 	23.83 	24.16 	25.01 	24.80 	25.66 	26.15 	26.76 	28.14 	27.62 	29.46 	29.83 	31.20 	: 
A1_67,FR	25.28 	25.83 	26.67 	26.42 	26.28 	26.11 	25.87 	25.73 	25.82 	25.75 	25.96 	25.90 	25.74 	25.82 	25.76 	25.91 	25.68 	23.53 	22.88 	23.91 	23.21 	: 
A1_67,HR	: 	24.13 	25.04 	25.04 	: 	: 	: 	: 	: 	: 	: 	: 	: 	: 	: 	: 	: 	: 	: 	: 	: 	: 
A1_67,HU	33.50 	34.50 	34.50 	34.50 	34.50 	29.52 	27.47 	28.69 	28.04 	27.05 	23.30 	22.22 	24.30 	23.71 	27.87 	30.50 	29.99 	24.89 	21.64 	22.18 	21.98 	: 
A1_67,IE	12.70 	13.11 	13.61 	13.40 	11.41 	12.82 	15.12 	14.41 	11.47 	11.62 	13.11 	14.09 	14.34 	14.58 	15.00 	15.53 	18.65 	14.78 	16.90 	18.53 	20.20 	: 
A1_67,IS	25.44 	24.98 	23.93 	24.35 	23.00 	23.13 	18.72 	17.45 	19.49 	19.28 	20.50 	20.40 	20.21 	19.43 	18.57 	16.74 	15.93 	15.74 	15.31 	12.61 	12.10 	: 
A1_67,IT	21.88 	21.88 	23.27 	27.20 	26.85 	26.70 	25.52 	25.42 	25.09 	24.16 	24.03 	23.13 	22.72 	22.35 	24.13 	23.80 	24.21 	25.03 	25.03 	25.11 	24.28 	: 
A1_67,JP	20.52 	20.45 	20.25 	20.00 	19.77 	19.47 	19.10 	18.44 	18.54 	18.44 	17.92 	17.08 	16.84 	16.83 	18.65 	15.49 	15.47 	: 	: 	: 	: 	: 
A1_67,LT	: 	20.38 	19.94 	20.64 	20.26 	19.95 	19.72 	19.89 	21.61 	22.91 	22.11 	24.67 	23.49 	22.55 	25.50 	25.23 	25.18 	23.42 	24.11 	22.62 	23.62 	22.09 
A1_67,LU	22.84 	22.73 	21.95 	21.52 	20.28 	20.50 	19.11 	18.95 	20.12 	20.27 	19.43 	18.91 	18.33 	17.99 	17.60 	20.28 	21.93 	20.00 	18.96 	20.25 	19.76 	: 
A1_67,LV	28.05 	27.86 	28.35 	29.40 	30.06 	29.92 	29.86 	27.46 	25.46 	26.97 	27.80 	27.81 	28.00 	27.60 	27.20 	26.80 	26.60 	25.30 	25.20 	25.10 	18.00 	: 
A1_67,MT	: 	13.11 	12.92 	13.26 	12.99 	12.64 	11.96 	11.44 	11.68 	11.65 	12.22 	11.65 	11.40 	11.10 	11.40 	10.70 	10.30 	5.30 	4.50 	4.90 	4.80 	: 
A1_67,NL	22.79 	24.88 	24.97 	26.18 	26.69 	26.78 	27.71 	26.95 	27.13 	26.87 	27.19 	31.87 	30.88 	30.37 	29.14 	28.98 	32.63 	31.04 	30.12 	34.72 	35.02 	: 
A1_67,NO	24.49 	25.00 	25.23 	25.57 	25.53 	25.57 	25.21 	25.25 	25.75 	25.74 	25.61 	25.64 	26.58 	26.61 	26.87 	26.92 	26.75 	26.13 	26.22 	26.05 	26.11 	: 
A1_67,PL	24.18 	24.09 	24.00 	22.29 	23.70 	23.57 	23.50 	23.29 	23.79 	26.52 	27.41 	27.01 	26.67 	26.41 	26.13 	26.24 	26.45 	30.01 	14.19 	15.34 	16.48 	: 
A1_67,PT	21.20 	21.08 	19.38 	19.79 	16.56 	17.27 	16.88 	16.68 	16.96 	17.02 	16.18 	15.94 	16.82 	16.81 	16.99 	16.11 	17.32 	13.68 	14.20 	14.32 	14.12 	: 
A1_67,RO	: 	24.06 	24.53 	24.28 	27.58 	27.59 	27.11 	26.75 	25.60 	25.80 	24.80 	24.00 	24.40 	23.60 	25.00 	20.80 	20.10 	27.80 	24.60 	24.40 	24.20 	: 
A1_67,SE	22.22 	21.98 	21.81 	22.35 	22.13 	22.05 	21.93 	22.84 	23.91 	24.88 	28.49 	29.21 	29.90 	29.58 	29.39 	30.67 	31.68 	31.72 	32.55 	32.42 	31.57 	: 
A1_67,SI	28.80 	28.73 	28.68 	28.59 	28.65 	28.65 	28.55 	30.01 	30.06 	29.97 	30.14 	30.21 	32.32 	32.29 	32.27 	32.29 	32.32 	31.60 	31.60 	31.60 	31.60 	: 
A1_67,SK	19.98 	19.74 	19.51 	19.26 	19.27 	19.35 	17.31 	17.17 	19.29 	18.54 	18.27 	17.72 	17.78 	18.16 	17.94 	18.80 	17.97 	20.31 	18.14 	17.94 	17.80 	: 
A1_67,TR	24.19 	24.71 	24.54 	24.20 	25.99 	24.80 	24.25 	24.26 	25.21 	29.34 	29.24 	29.45 	29.38 	28.35 	28.88 	29.67 	27.20 	24.10 	33.53 	33.98 	32.62 	: 
A1_67,UK	19.07 	19.18 	19.44 	20.01 	21.10 	21.67 	22.81 	22.49 	22.88 	24.02 	23.83 	23.78 	23.75 	23.58 	22.45 	22.29 	22.71 	20.05 	21.32 	21.26 	21.66 	: 
A1_67,US	23.05 	22.95 	22.87 	22.79 	19.76 	19.62 	19.71 	19.47 	18.58 	21.84 	22.05 	21.94 	22.05 	22.09 	22.35 	22.51 	22.59 	23.80 	23.69 	23.79 	23.77 	: 
A1_80,AT	29.02 	31.64 	31.32 	31.04 	30.64 	30.14 	29.61 	29.51 	31.07 	30.69 	30.26 	29.78 	30.09 	29.64 	29.08 	28.78 	28.23 	25.80 	25.51 	25.20 	24.15 	: 
A1_80,BE	37.05 	38.76 	39.21 	39.27 	39.59 	39.02 	38.85 	38.70 	39.38 	38.85 	38.71 	38.80 	38.70 	38.79 	39.63 	39.92 	39.46 	37.35 	37.42 	37.12 	36.86 	: 
A1_80,BG	: 	21.61 	21.61 	21.61 	21.61 	21.61 	20.89 	21.70 	21.70 	18.39 	17.37 	19.08 	16.34 	6.12 	17.26 	16.91 	19.69 	15.26 	17.46 	15.56 	17.30 	: 
A1_80,CH	15.23 	15.30 	15.39 	15.67 	15.48 	14.40 	14.28 	14.29 	14.16 	14.69 	14.45 	14.47 	14.46 	14.55 	14.85 	14.81 	14.80 	19.99 	20.17 	20.14 	20.60 	: 
A1_80,CY	: 	: 	: 	: 	: 	: 	: 	: 	: 	6.30 	6.30 	6.30 	6.30 	6.30 	7.01 	7.69 	7.47 	10.08 	9.43 	9.11 	9.17 	: 
A1_80,CZ	21.69 	21.37 	21.10 	20.81 	20.85 	20.93 	20.34 	20.08 	21.36 	21.31 	20.73 	22.54 	22.21 	21.99 	21.81 	21.53 	21.56 	21.67 	21.70 	21.78 	21.69 	: 
A1_80,DE	36.88 	36.81 	36.69 	36.67 	37.01 	37.15 	36.45 	38.09 	38.77 	39.00 	39.28 	38.97 	38.68 	39.78 	39.09 	38.48 	39.67 	38.78 	39.16 	42.28 	38.29 	: 
A1_80,DK	34.50 	34.43 	34.15 	34.32 	37.64 	37.48 	37.38 	38.66 	39.20 	39.57 	39.54 	39.53 	39.59 	40.75 	40.82 	41.73 	42.56 	42.52 	41.73 	43.17 	43.07 	: 
A1_80,EA17	: 	29.10 	29.26 	29.63 	29.64 	29.58 	29.27 	28.68 	28.75 	28.80 	28.89 	28.98 	28.88 	29.15 	29.32 	29.14 	29.82 	28.94 	28.87 	30.25 	28.87 	: 
A1_80,EA18	: 	29.10 	29.26 	29.64 	29.64 	29.59 	29.28 	28.69 	28.75 	28.79 	28.89 	28.98 	: 	: 	: 	: 	: 	: 	: 	: 	: 	: 
A1_80,EA19	: 	29.03 	29.18 	29.56 	29.56 	29.51 	29.21 	28.61 	28.68 	28.74 	28.83 	28.95 	: 	: 	: 	: 	: 	: 	: 	: 	: 	: 
A1_80,EE	17.54 	17.74 	18.90 	18.71 	19.09 	18.64 	18.41 	17.61 	16.96 	17.75 	17.55 	18.56 	20.64 	22.07 	21.68 	20.35 	20.93 	21.20 	20.90 	20.60 	19.50 	: 
A1_80,EL	22.69 	21.63 	22.48 	23.01 	24.16 	18.49 	16.00 	16.77 	16.00 	16.00 	16.00 	16.00 	16.00 	16.00 	15.90 	15.90 	16.24 	16.62 	17.49 	17.34 	17.22 	: 
A1_80,ES	18.73 	18.64 	20.31 	20.25 	20.21 	19.55 	19.24 	17.07 	16.61 	18.39 	18.39 	18.16 	17.90 	17.53 	18.38 	17.98 	17.60 	15.06 	17.74 	17.43 	16.93 	: 
A1_80,EU15	: 	27.78 	27.94 	28.35 	28.42 	28.56 	28.40 	28.08 	28.22 	28.56 	28.69 	28.77 	28.69 	28.91 	28.85 	28.71 	29.37 	28.27 	28.46 	29.61 	28.56 	: 
A1_80,EU25	: 	27.26 	27.39 	27.72 	27.91 	28.03 	27.80 	27.48 	27.69 	28.13 	28.21 	28.29 	28.24 	28.37 	28.38 	28.31 	28.86 	28.09 	27.02 	28.07 	27.24 	: 
A1_80,EU27	: 	27.09 	27.24 	27.55 	27.72 	27.94 	27.73 	27.39 	27.56 	27.92 	27.96 	28.04 	27.98 	27.95 	28.16 	27.96 	28.48 	28.12 	26.81 	27.75 	26.98 	: 
A1_80,EU28	: 	27.09 	27.24 	27.55 	27.72 	27.90 	27.69 	27.27 	27.43 	27.78 	27.80 	27.91 	: 	: 	: 	: 	: 	: 	: 	: 	: 	: 
A1_80,FI	27.04 	27.32 	27.01 	26.62 	25.82 	26.31 	25.52 	25.63 	27.01 	27.10 	27.37 	28.12 	27.84 	28.57 	29.04 	29.47 	30.79 	30.17 	32.02 	32.36 	33.93 	: 
A1_80,FR	27.86 	27.73 	27.55 	27.31 	27.20 	27.04 	26.84 	26.72 	26.81 	26.75 	27.06 	27.02 	26.85 	26.98 	27.01 	27.19 	26.99 	25.90 	25.46 	26.32 	25.87 	: 
A1_80,HR	: 	25.79 	27.31 	27.26 	: 	: 	: 	: 	: 	: 	: 	: 	: 	: 	: 	: 	: 	: 	: 	: 	: 	: 
A1_80,HU	33.50 	34.50 	34.50 	34.50 	34.50 	30.90 	29.33 	31.69 	32.33 	31.35 	27.04 	25.37 	26.94 	26.49 	29.97 	32.17 	31.74 	27.49 	24.96 	25.56 	25.57 	: 
A1_80,IE	15.43 	16.02 	16.44 	16.26 	14.68 	15.85 	17.60 	16.84 	13.89 	14.02 	15.26 	17.45 	17.09 	16.48 	16.83 	17.28 	21.67 	19.06 	21.08 	22.77 	24.50 	: 
A1_80,IS	27.29 	27.12 	26.24 	26.66 	25.61 	25.71 	22.02 	20.49 	21.96 	21.78 	22.96 	23.04 	23.02 	22.36 	21.64 	19.90 	19.29 	19.12 	19.00 	17.05 	16.91 	: 
A1_80,IT	24.89 	24.89 	26.05 	29.17 	28.93 	28.80 	27.72 	27.63 	27.35 	26.58 	26.28 	25.46 	25.12 	24.81 	26.02 	25.58 	25.70 	26.48 	26.47 	26.66 	25.94 	: 
A1_80,JP	21.07 	20.99 	20.77 	20.50 	20.29 	19.97 	19.60 	18.94 	19.07 	18.97 	18.40 	17.52 	17.26 	17.25 	19.08 	15.93 	15.90 	: 	: 	: 	: 	: 
A1_80,LT	: 	21.60 	21.24 	21.67 	21.35 	21.09 	20.90 	21.05 	22.49 	24.06 	23.39 	26.51 	25.52 	24.73 	27.21 	26.98 	26.94 	25.14 	25.72 	24.47 	25.30 	24.03 
A1_80,LU	26.29 	26.15 	25.31 	24.81 	23.47 	23.56 	22.07 	21.89 	23.04 	23.30 	22.32 	21.74 	21.00 	20.60 	20.18 	23.16 	24.79 	22.47 	21.38 	22.94 	22.42 	: 
A1_80,LV	28.54 	28.39 	28.94 	29.88 	30.58 	30.46 	30.31 	27.86 	26.48 	27.75 	28.44 	28.45 	28.60 	28.30 	27.90 	27.60 	27.40 	26.30 	26.30 	26.10 	19.50 	: 
A1_80,MT	: 	15.94 	15.58 	16.12 	15.64 	15.01 	13.68 	13.25 	13.45 	13.42 	14.91 	14.26 	14.00 	13.80 	14.90 	13.80 	13.20 	8.90 	8.00 	7.20 	4.80 	: 
A1_80,NL	26.49 	27.58 	27.54 	28.40 	29.35 	29.27 	30.39 	29.50 	29.98 	29.81 	30.05 	34.66 	34.59 	33.20 	31.97 	31.78 	34.83 	33.28 	32.36 	36.74 	37.02 	: 
A1_80,NO	26.19 	26.66 	26.85 	27.23 	27.24 	27.27 	26.98 	27.01 	27.42 	27.42 	27.31 	27.33 	28.11 	28.15 	28.36 	28.40 	28.26 	27.74 	27.82 	27.68 	27.73 	: 
A1_80,PL	24.59 	24.51 	24.43 	23.00 	24.19 	24.09 	24.03 	23.86 	24.42 	27.15 	28.06 	27.69 	27.38 	27.13 	26.86 	26.95 	27.13 	30.70 	14.99 	16.12 	17.23 	: 
A1_80,PT	24.33 	24.64 	23.22 	23.56 	19.60 	20.89 	19.91 	19.65 	19.88 	19.93 	19.11 	18.61 	19.42 	19.37 	19.68 	17.93 	19.06 	15.56 	16.17 	16.27 	16.10 	: 
A1_80,RO	: 	24.64 	25.20 	25.01 	28.24 	28.24 	27.87 	27.59 	26.51 	26.50 	25.70 	25.00 	26.10 	25.30 	26.50 	22.80 	21.90 	28.80 	25.60 	25.40 	25.10 	: 
A1_80,SE	23.25 	23.03 	22.87 	23.44 	23.22 	23.15 	23.03 	23.95 	24.99 	25.99 	29.52 	30.23 	30.89 	30.54 	30.24 	31.55 	32.68 	33.08 	33.56 	33.52 	32.65 	: 
A1_80,SI	31.01 	30.91 	30.88 	30.83 	30.88 	30.88 	30.82 	30.77 	30.81 	30.73 	31.60 	31.44 	32.82 	32.80 	32.78 	32.80 	32.82 	32.10 	32.10 	32.10 	32.10 	: 
A1_80,SK	21.58 	21.38 	21.19 	20.98 	21.03 	21.10 	19.40 	19.28 	21.05 	20.43 	20.20 	19.74 	19.79 	18.72 	18.54 	19.54 	18.74 	21.13 	19.32 	19.15 	19.03 	: 
A1_80,TR	25.59 	26.02 	25.87 	25.59 	27.11 	26.11 	25.65 	25.65 	26.44 	29.88 	29.80 	29.98 	29.91 	29.06 	29.50 	30.29 	27.97 	23.46 	33.02 	33.39 	31.93 	: 
A1_80,UK	21.17 	21.26 	21.48 	21.96 	22.92 	23.39 	24.17 	23.91 	24.23 	25.51 	25.36 	25.31 	25.29 	25.15 	24.04 	23.91 	24.26 	22.21 	23.26 	23.22 	23.71 	: 
A1_80,US	24.06 	23.98 	23.91 	23.84 	21.04 	20.91 	21.32 	21.12 	20.38 	23.02 	23.19 	23.11 	23.21 	23.25 	23.51 	23.67 	23.75 	24.82 	24.72 	24.81 	24.79 	: 
CPL_100_100,AT	31.87 	35.04 	34.68 	34.38 	33.94 	33.38 	32.74 	32.63 	34.01 	33.60 	33.19 	32.80 	33.02 	32.00 	31.60 	31.39 	30.96 	28.83 	28.56 	28.27 	27.26 	: 
CPL_100_100,BE	40.63 	41.87 	42.21 	42.26 	42.58 	42.14 	42.03 	41.92 	42.47 	42.10 	41.98 	42.06 	41.98 	42.80 	43.89 	44.22 	44.28 	43.01 	42.94 	42.69 	42.48 	: 
CPL_100_100,BG	: 	21.61 	21.61 	21.61 	21.61 	21.61 	20.89 	21.70 	21.70 	14.73 	12.93 	21.45 	19.11 	15.83 	20.20 	19.97 	22.29 	17.84 	19.61 	17.70 	19.44 	: 
CPL_100_100,CH	18.41 	18.48 	18.59 	18.94 	18.69 	17.30 	17.23 	17.21 	16.99 	17.94 	17.57 	17.71 	17.66 	17.69 	17.99 	17.94 	17.90 	23.16 	23.40 	23.32 	24.93 	: 
CPL_100_100,CY	: 	: 	: 	: 	: 	: 	: 	: 	: 	8.52 	8.74 	8.17 	6.30 	6.30 	7.04 	10.62 	10.43 	12.52 	11.95 	11.72 	11.78 	: 
CPL_100_100,CZ	23.57 	23.32 	23.10 	22.87 	22.90 	22.76 	22.49 	22.29 	23.64 	22.89 	22.41 	24.03 	23.75 	23.34 	23.02 	22.49 	22.49 	22.71 	22.83 	22.91 	22.48 	: 
CPL_100_100,DE	39.66 	39.60 	39.47 	39.43 	39.77 	39.91 	39.21 	41.32 	41.99 	42.23 	42.51 	42.21 	42.28 	43.37 	42.66 	42.03 	43.20 	41.93 	42.12 	36.66 	41.27 	: 
CPL_100_100,DK	35.96 	35.89 	35.63 	35.78 	38.55 	38.40 	38.29 	39.53 	40.90 	41.12 	40.99 	40.92 	41.03 	42.36 	42.41 	43.35 	44.18 	44.21 	43.43 	44.95 	44.80 	: 
CPL_100_100,EA17	: 	32.11 	32.09 	32.00 	32.01 	31.93 	31.55 	31.23 	31.29 	31.32 	31.56 	31.33 	31.44 	31.68 	31.86 	31.69 	32.43 	31.68 	31.45 	30.30 	31.44 	: 
CPL_100_100,EA18	: 	32.09 	32.08 	31.99 	32.00 	31.92 	31.55 	31.22 	31.27 	31.30 	31.54 	31.31 	: 	: 	: 	: 	: 	: 	: 	: 	: 	: 
CPL_100_100,EA19	: 	32.00 	31.99 	31.90 	31.91 	31.83 	31.46 	31.12 	31.18 	31.23 	31.46 	31.28 	: 	: 	: 	: 	: 	: 	: 	: 	: 	: 
CPL_100_100,EE	18.29 	18.45 	19.64 	19.49 	19.91 	19.55 	19.37 	18.56 	17.87 	18.69 	18.73 	19.80 	21.86 	23.00 	22.69 	21.48 	21.94 	22.20 	21.90 	21.60 	20.70 	: 
CPL_100_100,EL	26.37 	25.19 	26.43 	26.91 	28.50 	21.36 	19.97 	22.29 	21.04 	21.23 	19.81 	18.16 	18.73 	18.08 	17.95 	17.43 	18.09 	18.27 	18.78 	18.30 	18.07 	: 
CPL_100_100,ES	21.38 	21.27 	22.99 	22.92 	22.86 	21.92 	21.57 	19.80 	19.30 	20.59 	20.48 	20.29 	20.09 	19.79 	20.47 	20.15 	19.85 	18.19 	20.19 	20.21 	19.89 	: 
CPL_100_100,EU15	: 	30.60 	30.61 	30.63 	30.70 	30.78 	30.55 	30.39 	30.54 	30.88 	31.12 	30.92 	31.01 	31.22 	31.17 	31.06 	31.76 	30.78 	30.77 	29.86 	30.88 	: 
CPL_100_100,EU25	: 	29.80 	29.80 	29.81 	29.98 	30.07 	29.85 	29.70 	29.94 	30.40 	30.60 	30.45 	30.53 	30.63 	30.64 	30.57 	31.10 	30.40 	29.18 	28.50 	29.41 	: 
CPL_100_100,EU27	: 	29.53 	29.56 	29.56 	29.72 	29.91 	29.70 	29.53 	29.72 	30.06 	30.20 	30.17 	30.27 	30.31 	30.42 	30.22 	30.72 	30.38 	28.95 	28.26 	29.12 	: 
CPL_100_100,EU28	: 	29.53 	29.56 	29.56 	29.72 	29.86 	29.65 	29.38 	29.56 	29.83 	29.94 	30.04 	: 	: 	: 	: 	: 	: 	: 	: 	: 	: 
CPL_100_100,FI	30.79 	30.89 	30.59 	30.14 	29.47 	29.84 	29.06 	29.05 	30.36 	30.41 	30.59 	31.33 	31.13 	31.86 	32.38 	32.94 	34.23 	33.68 	35.47 	35.85 	37.56 	: 
CPL_100_100,FR	29.10 	28.88 	28.62 	28.35 	28.17 	27.96 	27.82 	27.72 	27.79 	27.74 	29.02 	28.95 	28.78 	28.93 	29.09 	29.10 	28.79 	27.68 	27.29 	28.13 	27.84 	: 
CPL_100_100,HR	: 	29.08 	30.29 	30.29 	: 	: 	: 	: 	: 	: 	: 	: 	: 	: 	: 	: 	: 	: 	: 	: 	: 	: 
CPL_100_100,HU	33.50 	34.50 	34.50 	34.50 	35.13 	34.95 	31.18 	37.75 	38.26 	38.81 	35.30 	33.70 	34.44 	32.98 	36.50 	38.36 	35.67 	30.09 	28.92 	29.35 	29.61 	: 
CPL_100_100,IE	18.52 	19.02 	19.35 	19.21 	17.94 	18.88 	21.75 	21.34 	18.95 	19.33 	21.54 	23.56 	23.27 	22.24 	22.18 	23.04 	27.44 	24.34 	24.94 	25.99 	28.48 	: 
CPL_100_100,IS	29.19 	29.33 	28.63 	29.05 	28.21 	28.29 	25.32 	23.53 	24.43 	24.28 	25.42 	25.67 	25.82 	25.29 	24.72 	23.05 	22.64 	22.51 	22.69 	21.49 	21.72 	: 
CPL_100_100,IT	31.12 	31.12 	31.03 	31.11 	30.92 	30.81 	29.83 	29.78 	29.56 	29.00 	28.54 	27.79 	28.15 	27.74 	28.66 	28.28 	28.85 	29.14 	29.13 	28.99 	28.03 	: 
CPL_100_100,JP	22.20 	22.11 	21.84 	21.52 	21.34 	20.98 	20.63 	20.04 	20.24 	20.15 	19.44 	18.48 	18.19 	18.18 	19.94 	16.98 	16.93 	: 	: 	: 	: 	: 
CPL_100_100,LT	: 	22.86 	22.57 	22.74 	22.48 	22.27 	22.12 	22.24 	23.39 	25.25 	24.71 	28.41 	27.62 	26.99 	28.97 	28.79 	28.75 	26.91 	27.37 	26.38 	27.04 	26.02 
CPL_100_100,LU	29.29 	29.16 	28.31 	27.80 	26.27 	26.27 	24.64 	24.42 	25.55 	25.76 	24.60 	23.89 	23.05 	22.57 	22.03 	25.00 	26.34 	23.35 	22.21 	23.66 	23.08 	: 
CPL_100_100,LV	29.05 	28.93 	29.55 	30.38 	31.11 	31.02 	30.78 	28.28 	27.54 	28.55 	29.10 	29.11 	29.30 	29.00 	28.70 	28.50 	28.30 	27.40 	27.40 	27.30 	21.10 	: 
CPL_100_100,MT	: 	19.19 	19.10 	19.84 	19.17 	18.09 	16.90 	16.51 	16.93 	17.00 	18.84 	18.15 	17.80 	17.50 	18.40 	17.60 	17.10 	18.20 	17.10 	16.00 	15.20 	: 
CPL_100_100,NL	30.45 	30.36 	33.39 	31.19 	32.11 	31.44 	32.83 	31.76 	32.51 	32.47 	32.55 	32.51 	32.54 	31.04 	30.57 	30.51 	33.25 	35.45 	34.41 	39.26 	39.16 	: 
CPL_100_100,NO	27.93 	28.38 	28.69 	29.20 	29.22 	29.27 	28.74 	28.79 	29.55 	29.54 	29.09 	29.02 	30.09 	30.16 	30.79 	31.44 	30.70 	29.35 	29.59 	29.53 	29.74 	: 
CPL_100_100,PL	25.00 	24.94 	24.88 	23.73 	24.69 	24.61 	24.56 	24.42 	25.04 	27.79 	28.71 	28.38 	28.08 	27.84 	27.59 	27.66 	27.80 	31.39 	15.79 	16.89 	17.99 	: 
CPL_100_100,PT	27.57 	28.31 	27.17 	27.45 	22.78 	25.19 	22.94 	22.62 	22.80 	22.85 	22.45 	22.05 	22.80 	22.76 	23.01 	21.63 	22.85 	18.20 	18.73 	18.81 	18.70 	: 
CPL_100_100,RO	: 	25.28 	25.88 	25.68 	28.94 	28.95 	28.69 	28.41 	27.40 	27.80 	26.80 	26.10 	28.10 	27.40 	28.70 	24.80 	24.10 	29.90 	27.10 	26.90 	26.40 	: 
CPL_100_100,SE	24.85 	24.58 	24.39 	25.10 	24.90 	24.83 	24.70 	25.40 	26.92 	27.60 	30.88 	31.19 	31.55 	31.24 	30.63 	32.39 	33.73 	34.15 	34.41 	34.52 	33.74 	: 
CPL_100_100,SI	33.43 	33.33 	33.25 	33.09 	33.25 	33.24 	33.07 	32.94 	33.05 	32.85 	34.84 	34.72 	35.59 	35.44 	35.33 	35.44 	35.56 	33.20 	33.20 	33.00 	33.00 	: 
CPL_100_100,SK	23.24 	23.08 	22.92 	22.76 	22.79 	22.85 	21.49 	21.40 	22.81 	22.31 	22.13 	21.76 	21.81 	20.55 	19.92 	20.67 	19.77 	22.16 	20.49 	20.36 	20.26 	: 
CPL_100_100,TR	27.26 	27.37 	27.25 	27.02 	29.58 	29.00 	28.73 	28.65 	29.11 	30.42 	30.36 	30.50 	30.15 	29.47 	30.12 	30.92 	28.73 	22.87 	33.14 	32.81 	31.64 	: 
CPL_100_100,UK	23.34 	23.41 	23.59 	23.97 	24.74 	25.11 	25.54 	25.33 	25.59 	27.01 	26.89 	26.85 	26.83 	26.72 	25.64 	25.53 	25.81 	23.81 	24.39 	24.36 	24.93 	: 
CPL_100_100,US	25.98 	25.78 	25.60 	25.45 	23.31 	23.22 	23.39 	23.24 	22.67 	24.23 	24.43 	24.29 	24.40 	24.44 	26.64 	26.91 	27.12 	27.12 	26.89 	27.08 	26.93 	: 
CPL_100_33,AT	27.00 	29.71 	29.62 	29.39 	29.01 	28.59 	28.11 	28.03 	29.81 	29.50 	29.18 	28.88 	29.03 	28.26 	27.95 	27.79 	27.46 	25.78 	25.57 	25.34 	24.58 	: 
CPL_100_33,BE	31.96 	34.10 	34.57 	34.77 	35.29 	34.84 	34.66 	34.50 	35.24 	34.80 	34.67 	35.01 	34.07 	35.69 	37.43 	37.92 	38.09 	37.67 	37.56 	37.24 	36.97 	: 
CPL_100_33,BG	: 	21.61 	19.45 	21.61 	21.61 	21.61 	20.89 	21.70 	21.70 	11.39 	9.35 	19.22 	16.97 	12.08 	17.79 	17.10 	18.99 	14.13 	15.68 	14.05 	16.11 	: 
CPL_100_33,CH	14.55 	14.61 	14.68 	14.92 	14.77 	13.58 	13.44 	13.43 	13.29 	14.01 	13.74 	13.81 	13.76 	13.83 	14.10 	14.02 	13.98 	19.00 	19.16 	19.11 	20.05 	: 
CPL_100_33,CY	: 	: 	: 	: 	: 	: 	: 	: 	: 	7.97 	5.68 	7.70 	6.30 	6.30 	6.95 	9.39 	9.25 	10.81 	10.38 	10.21 	10.26 	: 
CPL_100_33,CZ	20.45 	20.26 	20.10 	19.93 	19.93 	19.97 	19.62 	19.47 	20.85 	20.77 	20.25 	22.48 	22.17 	21.73 	21.38 	20.82 	20.83 	21.07 	21.17 	21.28 	20.90 	: 
CPL_100_33,DE	34.62 	34.53 	34.41 	34.41 	34.79 	34.91 	34.20 	35.46 	36.16 	36.38 	36.65 	36.32 	35.80 	36.92 	36.23 	35.62 	36.76 	36.00 	36.49 	36.66 	35.64 	: 
CPL_100_33,DK	33.70 	33.62 	33.32 	33.48 	37.18 	36.98 	36.83 	38.11 	38.68 	39.00 	38.94 	38.92 	39.00 	39.44 	39.49 	40.12 	40.93 	40.83 	40.03 	41.39 	41.34 	: 
CPL_100_33,EA17	: 	27.48 	27.66 	27.86 	27.86 	27.80 	27.47 	26.53 	26.63 	26.54 	26.71 	26.69 	26.64 	27.02 	27.24 	27.17 	28.00 	27.57 	27.44 	28.06 	27.53 	: 
CPL_100_33,EA18	: 	27.48 	27.66 	27.87 	27.87 	27.81 	27.49 	26.57 	26.65 	26.55 	26.73 	26.70 	: 	: 	: 	: 	: 	: 	: 	: 	: 	: 
CPL_100_33,EA19	: 	27.42 	27.59 	27.80 	27.80 	27.74 	27.42 	26.50 	26.59 	26.51 	26.68 	26.68 	: 	: 	: 	: 	: 	: 	: 	: 	: 	: 
CPL_100_33,EE	16.78 	17.02 	18.16 	17.93 	18.27 	17.72 	17.45 	16.66 	16.06 	16.81 	16.36 	17.31 	19.42 	21.13 	20.66 	19.22 	19.91 	20.70 	20.30 	19.90 	18.60 	: 
CPL_100_33,EL	23.75 	22.78 	23.84 	24.33 	26.05 	20.14 	18.98 	20.72 	19.78 	19.92 	18.86 	17.62 	18.05 	17.56 	17.44 	17.05 	17.54 	18.08 	18.45 	18.03 	17.76 	: 
CPL_100_33,ES	17.65 	17.57 	18.86 	18.81 	18.73 	18.03 	17.76 	16.43 	16.06 	17.03 	16.95 	16.81 	16.65 	16.43 	16.94 	16.70 	16.47 	15.57 	17.08 	17.12 	16.92 	: 
CPL_100_33,EU15	: 	26.08 	26.25 	26.54 	26.64 	26.82 	26.65 	26.13 	26.28 	26.47 	26.66 	26.63 	26.59 	26.85 	26.83 	26.80 	27.60 	26.62 	26.81 	27.33 	26.98 	: 
CPL_100_33,EU25	: 	25.71 	25.86 	26.09 	26.31 	26.46 	26.23 	25.72 	25.96 	26.30 	26.45 	26.45 	26.41 	26.58 	26.63 	26.64 	27.27 	26.61 	25.52 	26.03 	25.80 	: 
CPL_100_33,EU27	: 	25.60 	25.73 	25.97 	26.18 	26.43 	26.22 	25.70 	25.90 	26.06 	26.14 	26.26 	26.23 	26.31 	26.50 	26.34 	26.94 	26.69 	25.37 	25.82 	25.61 	: 
CPL_100_33,EU28	: 	25.61 	25.74 	25.99 	26.19 	26.40 	26.19 	25.61 	25.80 	25.83 	25.89 	26.16 	: 	: 	: 	: 	: 	: 	: 	: 	: 	: 
CPL_100_33,FI	25.69 	26.05 	26.01 	25.59 	24.91 	25.59 	24.93 	25.02 	26.26 	26.42 	26.76 	27.48 	27.31 	28.15 	28.72 	29.26 	30.67 	30.19 	31.82 	32.13 	33.92 	: 
CPL_100_33,FR	25.84 	26.55 	26.63 	26.38 	26.28 	26.09 	25.87 	23.86 	23.83 	23.64 	24.47 	24.79 	24.80 	24.92 	24.86 	25.34 	25.68 	24.11 	23.71 	24.51 	24.46 	: 
CPL_100_33,HR	: 	26.83 	27.74 	27.74 	: 	: 	: 	: 	: 	: 	: 	: 	: 	: 	: 	: 	: 	: 	: 	: 	: 	: 
CPL_100_33,HU	33.50 	34.50 	34.50 	34.50 	34.97 	31.52 	27.63 	32.87 	33.08 	33.36 	30.06 	28.65 	29.21 	27.86 	32.24 	34.25 	31.88 	27.69 	24.57 	24.89 	25.58 	: 
CPL_100_33,IE	11.71 	12.10 	12.80 	12.60 	11.38 	12.16 	13.12 	12.66 	10.45 	10.62 	12.12 	13.43 	13.39 	13.66 	14.09 	14.67 	17.80 	16.28 	18.61 	20.22 	21.89 	: 
CPL_100_33,IS	25.50 	25.19 	24.16 	24.50 	23.33 	23.41 	19.22 	17.45 	19.49 	19.28 	20.50 	20.40 	20.21 	19.43 	18.58 	16.81 	15.97 	15.85 	15.52 	13.16 	12.78 	: 
CPL_100_33,IT	24.46 	24.47 	25.11 	27.07 	26.81 	26.66 	25.49 	25.41 	25.08 	24.12 	23.70 	23.14 	23.41 	23.10 	24.82 	24.42 	24.69 	25.58 	25.57 	25.98 	24.48 	: 
CPL_100_33,JP	21.23 	21.14 	20.89 	20.55 	20.39 	20.02 	19.66 	19.07 	19.26 	19.17 	18.57 	17.67 	17.38 	17.36 	19.14 	16.14 	16.09 	: 	: 	: 	: 	: 
CPL_100_33,LT	: 	20.54 	20.17 	20.66 	20.32 	20.05 	19.85 	20.00 	21.57 	22.86 	22.05 	24.59 	23.39 	22.44 	25.42 	25.15 	25.10 	23.34 	24.03 	22.54 	23.54 	22.00 
CPL_100_33,LU	20.92 	20.82 	20.04 	19.64 	18.60 	18.85 	17.49 	17.35 	18.40 	18.46 	17.62 	17.16 	16.56 	16.25 	15.90 	18.05 	19.43 	17.52 	16.51 	17.28 	16.73 	: 
CPL_100_33,LV	28.03 	27.84 	28.33 	29.38 	30.04 	29.90 	29.84 	27.44 	25.42 	26.93 	27.77 	27.78 	28.00 	27.50 	27.10 	26.80 	26.50 	25.20 	25.20 	25.00 	17.90 	: 
CPL_100_33,MT	: 	16.21 	16.15 	16.73 	16.22 	15.41 	14.58 	14.29 	14.60 	14.66 	16.04 	15.52 	16.80 	16.50 	17.20 	16.70 	16.30 	11.80 	10.80 	9.90 	9.30 	: 
CPL_100_33,NL	25.23 	26.04 	28.47 	27.54 	27.94 	27.48 	28.19 	27.63 	27.88 	27.81 	28.11 	29.42 	29.35 	28.27 	27.45 	27.35 	30.44 	31.82 	30.74 	35.92 	36.19 	: 
CPL_100_33,NO	24.86 	25.34 	25.59 	26.16 	26.32 	26.51 	26.04 	26.09 	26.75 	26.74 	26.52 	26.93 	27.81 	27.81 	28.26 	28.64 	27.87 	27.42 	27.66 	27.58 	27.73 	: 
CPL_100_33,PL	24.16 	24.08 	23.98 	22.25 	23.70 	23.57 	23.50 	23.29 	23.79 	26.52 	27.41 	27.01 	26.67 	26.41 	26.13 	26.24 	26.45 	30.01 	14.19 	15.34 	16.48 	: 
CPL_100_33,PT	21.05 	20.91 	19.20 	19.62 	16.56 	18.28 	16.88 	16.68 	16.96 	17.02 	16.57 	16.34 	17.22 	17.21 	17.38 	16.72 	18.13 	15.92 	16.49 	16.55 	16.64 	: 
CPL_100_33,RO	: 	24.19 	24.72 	24.49 	27.73 	27.75 	27.40 	27.07 	26.00 	26.10 	24.90 	24.00 	25.40 	24.80 	26.40 	21.90 	21.40 	28.90 	25.80 	25.60 	25.20 	: 
CPL_100_33,SE	22.59 	22.29 	22.09 	22.79 	22.59 	22.51 	22.35 	23.10 	24.54 	25.25 	28.83 	29.32 	29.91 	29.64 	29.22 	30.92 	32.29 	33.03 	33.72 	33.85 	33.07 	: 
CPL_100_33,SI	30.62 	30.54 	30.48 	30.37 	30.46 	30.46 	30.33 	30.23 	30.31 	30.98 	32.56 	32.50 	34.02 	33.89 	33.79 	33.89 	33.99 	31.90 	32.00 	31.80 	31.80 	: 
CPL_100_33,SK	19.80 	19.68 	20.36 	20.11 	18.91 	18.96 	16.02 	15.67 	19.29 	18.54 	18.91 	18.36 	18.42 	19.11 	18.53 	19.09 	18.17 	20.47 	18.37 	18.27 	18.20 	: 
CPL_100_33,TR	24.55 	25.04 	24.93 	24.71 	28.26 	27.67 	27.39 	27.37 	27.84 	29.91 	29.86 	29.96 	29.78 	28.78 	29.29 	30.11 	27.97 	23.44 	32.80 	32.96 	31.91 	: 
CPL_100_33,UK	18.98 	19.09 	19.35 	19.92 	21.10 	21.67 	22.81 	22.49 	22.88 	24.02 	23.83 	23.78 	23.75 	23.58 	22.45 	22.29 	22.71 	19.22 	20.44 	20.38 	20.84 	: 
CPL_100_33,US	23.00 	22.90 	22.82 	22.74 	20.35 	20.25 	20.39 	20.17 	19.32 	21.88 	22.08 	21.98 	22.08 	22.13 	22.89 	23.04 	23.12 	24.37 	24.27 	24.39 	24.35 	: 
CPL_2CH_100_0,AT	18.19 	21.63 	21.08 	20.66 	19.80 	18.72 	18.10 	17.88 	20.66 	19.88 	19.05 	18.19 	17.92 	16.88 	16.41 	15.87 	15.15 	9.99 	11.32 	10.68 	10.42 	: 
CPL_2CH_100_0,BE	20.94 	22.57 	22.94 	23.01 	23.56 	22.33 	21.61 	21.31 	22.57 	22.15 	22.12 	22.12 	21.98 	23.43 	24.43 	24.46 	23.71 	20.68 	20.48 	20.21 	19.75 	: 
CPL_2CH_100_0,BG	: 	12.18 	11.34 	12.75 	12.25 	11.70 	10.28 	10.31 	12.51 	18.91 	18.29 	6.03 	5.53 	8.73 	9.01 	12.50 	14.52 	9.43 	10.83 	8.62 	10.58 	: 
CPL_2CH_100_0,CH	3.41 	3.50 	3.63 	4.06 	4.24 	2.78 	2.79 	2.76 	1.56 	4.11 	3.70 	4.13 	4.03 	4.06 	4.28 	4.11 	3.94 	8.35 	8.31 	8.21 	9.22 	: 
CPL_2CH_100_0,CY	: 	: 	: 	: 	: 	: 	: 	: 	: 	5.45 	5.48 	4.79 	6.30 	6.30 	7.04 	7.67 	7.44 	9.45 	8.76 	8.48 	8.56 	: 
CPL_2CH_100_0,CZ	2.40 	1.80 	1.76 	0.91 	-5.90 	-4.87 	-5.54 	-5.98 	-6.91 	-6.20 	0.03 	1.42 	4.05 	1.73 	-1.40 	-2.23 	-5.32 	-2.05 	-3.37 	7.08 	7.32 	: 
CPL_2CH_100_0,DE	21.29 	21.09 	20.95 	20.75 	21.03 	21.04 	19.61 	20.81 	22.71 	22.68 	22.59 	22.03 	21.47 	22.39 	21.39 	21.38 	22.00 	20.74 	22.39 	22.09 	21.85 	: 
CPL_2CH_100_0,DK	25.48 	25.27 	24.86 	25.12 	27.82 	27.44 	27.10 	28.68 	29.25 	29.44 	29.13 	28.93 	29.10 	29.58 	29.67 	30.28 	30.77 	30.67 	29.74 	31.08 	31.11 	: 
CPL_2CH_100_0,EA17	: 	18.87 	18.79 	18.60 	18.84 	18.83 	18.43 	17.35 	17.86 	17.58 	17.77 	17.34 	17.39 	17.10 	17.40 	17.41 	18.04 	16.42 	17.27 	17.90 	17.92 	: 
CPL_2CH_100_0,EA18	: 	18.83 	18.75 	18.58 	18.83 	18.82 	18.42 	17.29 	17.78 	17.58 	17.79 	17.35 	: 	: 	: 	: 	: 	: 	: 	: 	: 	: 
CPL_2CH_100_0,EA19	: 	18.80 	18.72 	18.56 	18.80 	18.79 	18.39 	17.26 	17.78 	17.59 	17.78 	17.37 	: 	: 	: 	: 	: 	: 	: 	: 	: 	: 
CPL_2CH_100_0,EE	3.79 	4.50 	10.03 	9.38 	9.14 	7.59 	10.65 	9.90 	6.07 	9.77 	7.83 	12.50 	13.82 	16.53 	15.68 	14.97 	14.62 	12.00 	10.90 	11.30 	10.30 	: 
CPL_2CH_100_0,EL	23.02 	22.29 	23.58 	24.10 	27.88 	20.09 	18.76 	21.27 	19.82 	19.90 	19.96 	18.32 	18.22 	17.03 	17.22 	16.60 	17.16 	17.84 	18.71 	18.40 	17.99 	: 
CPL_2CH_100_0,ES	14.07 	13.94 	15.43 	15.31 	15.22 	14.48 	14.01 	12.19 	11.54 	12.62 	13.34 	12.96 	12.54 	11.99 	12.71 	12.10 	11.52 	8.91 	12.78 	13.25 	13.02 	: 
CPL_2CH_100_0,EU15	: 	19.21 	19.13 	19.07 	19.30 	19.38 	18.82 	18.06 	18.58 	18.66 	18.88 	18.54 	18.55 	18.20 	18.23 	18.25 	19.23 	17.17 	17.96 	18.53 	18.61 	: 
CPL_2CH_100_0,EU25	: 	18.25 	18.24 	18.18 	18.23 	18.32 	17.82 	17.31 	17.76 	18.06 	18.67 	18.35 	18.48 	18.09 	17.84 	17.89 	18.62 	16.91 	16.31 	17.23 	17.30 	: 
CPL_2CH_100_0,EU27	: 	17.96 	18.16 	18.08 	18.14 	18.43 	17.94 	17.25 	17.81 	18.07 	18.65 	17.96 	18.17 	17.75 	17.56 	17.51 	18.19 	16.99 	16.15 	16.95 	16.50 	: 
CPL_2CH_100_0,EU28	: 	17.94 	18.14 	18.06 	18.12 	18.39 	17.91 	17.12 	17.68 	18.08 	18.64 	17.79 	: 	: 	: 	: 	: 	: 	: 	: 	: 	: 
CPL_2CH_100_0,FI	25.21 	25.24 	24.43 	23.94 	23.15 	23.72 	22.49 	22.39 	23.60 	23.31 	23.06 	23.62 	23.09 	23.95 	24.22 	24.38 	25.34 	23.91 	25.34 	25.68 	27.12 	: 
CPL_2CH_100_0,FR	18.08 	17.94 	17.75 	17.48 	18.01 	17.95 	17.54 	17.06 	17.41 	17.20 	17.06 	16.88 	17.00 	16.88 	16.58 	15.90 	16.31 	14.99 	14.60 	15.28 	15.07 	: 
CPL_2CH_100_0,HR	: 	14.95 	15.36 	15.27 	: 	: 	: 	: 	: 	: 	: 	: 	: 	: 	: 	: 	: 	: 	: 	: 	: 	: 
CPL_2CH_100_0,HU	14.81 	16.85 	16.19 	15.45 	15.43 	13.64 	18.13 	24.64 	24.60 	24.67 	20.81 	19.55 	19.75 	17.47 	20.69 	21.78 	20.39 	9.05 	12.26 	12.90 	12.63 	: 
CPL_2CH_100_0,IE	-1.57 	-0.42 	-0.02 	-0.41 	-3.95 	-2.87 	4.08 	2.65 	-0.18 	0.43 	2.30 	4.00 	3.33 	3.32 	5.61 	7.91 	10.81 	10.46 	13.22 	14.60 	16.72 	: 
CPL_2CH_100_0,IS	18.26 	17.37 	14.85 	15.22 	11.83 	14.21 	5.13 	1.94 	5.06 	6.20 	6.92 	6.43 	6.62 	5.00 	3.64 	0.12 	0.25 	1.32 	-1.04 	-6.75 	-10.44 	: 
CPL_2CH_100_0,IT	19.08 	19.09 	18.77 	18.70 	18.99 	18.93 	17.10 	16.94 	16.42 	14.30 	15.67 	14.56 	15.78 	12.58 	15.74 	17.09 	18.20 	15.50 	15.73 	16.96 	17.74 	: 
CPL_2CH_100_0,JP	16.10 	15.97 	15.57 	15.08 	14.99 	12.09 	11.33 	13.75 	14.04 	13.95 	13.63 	14.17 	13.88 	14.17 	16.04 	12.94 	12.87 	: 	: 	: 	: 	: 
CPL_2CH_100_0,LT	: 	16.13 	15.55 	16.02 	15.36 	14.82 	14.43 	14.73 	17.78 	18.58 	16.90 	18.96 	25.94 	25.18 	28.97 	28.79 	28.75 	26.91 	27.37 	26.38 	27.04 	26.02 
CPL_2CH_100_0,LU	5.90 	5.74 	4.79 	4.15 	2.87 	2.70 	1.00 	0.73 	1.32 	0.88 	-0.53 	-1.16 	-1.85 	-1.91 	-2.17 	0.75 	1.97 	-1.35 	-0.19 	1.27 	1.35 	: 
CPL_2CH_100_0,LV	15.53 	15.15 	15.79 	16.86 	18.11 	17.44 	17.35 	16.06 	14.99 	17.31 	19.28 	18.27 	19.30 	17.70 	18.60 	17.70 	16.90 	13.20 	13.00 	12.60 	2.20 	: 
CPL_2CH_100_0,MT	: 	9.38 	9.10 	9.51 	9.87 	9.37 	7.29 	6.34 	6.35 	7.35 	7.20 	6.13 	5.60 	5.10 	5.40 	4.30 	3.10 	-3.70 	-5.00 	-7.50 	-8.60 	: 
CPL_2CH_100_0,NL	24.61 	24.29 	27.13 	24.53 	25.02 	23.61 	23.54 	22.53 	22.73 	22.44 	22.36 	22.31 	22.30 	20.80 	20.47 	20.52 	22.07 	23.61 	22.40 	27.87 	28.05 	: 
CPL_2CH_100_0,NO	22.72 	22.99 	23.20 	22.24 	22.09 	21.99 	21.05 	20.95 	21.82 	21.55 	20.74 	20.33 	20.77 	20.57 	20.69 	20.28 	19.28 	16.85 	16.20 	15.42 	15.52 	: 
CPL_2CH_100_0,PL	19.19 	18.92 	18.64 	17.83 	17.83 	17.83 	17.83 	17.83 	17.83 	21.01 	26.90 	26.48 	26.12 	25.84 	21.56 	21.86 	22.14 	25.44 	7.20 	9.49 	10.27 	: 
CPL_2CH_100_0,PT	11.16 	14.25 	13.10 	13.68 	10.78 	12.42 	9.53 	9.17 	9.83 	10.96 	10.68 	10.27 	11.34 	10.50 	11.18 	9.76 	13.64 	8.40 	9.00 	9.43 	9.51 	: 
CPL_2CH_100_0,RO	: 	12.31 	18.60 	17.75 	23.94 	23.97 	19.71 	18.85 	21.66 	17.90 	18.10 	12.20 	15.10 	12.10 	13.50 	9.30 	8.30 	19.00 	14.40 	13.90 	1.40 	: 
CPL_2CH_100_0,SE	18.47 	18.06 	17.77 	18.32 	17.94 	17.64 	17.32 	18.11 	19.43 	19.76 	22.75 	23.96 	24.06 	23.48 	22.67 	24.20 	25.99 	25.99 	26.09 	27.17 	26.24 	: 
CPL_2CH_100_0,SI	11.60 	11.34 	11.16 	10.79 	10.83 	10.44 	9.91 	9.61 	9.89 	10.57 	9.77 	9.13 	11.56 	11.17 	10.93 	10.72 	10.13 	27.60 	27.60 	27.50 	27.50 	: 
CPL_2CH_100_0,SK	6.74 	6.18 	5.64 	5.02 	5.14 	5.34 	2.38 	2.54 	5.76 	4.01 	2.81 	1.75 	1.46 	5.11 	4.06 	5.64 	4.45 	-2.31 	0.46 	-0.26 	-0.75 	: 
CPL_2CH_100_0,TR	25.25 	25.64 	25.50 	25.24 	26.85 	25.83 	25.37 	25.43 	26.23 	30.42 	30.36 	30.50 	30.45 	29.77 	30.12 	30.92 	28.73 	22.87 	33.14 	32.81 	31.64 	: 
CPL_2CH_100_0,UK	17.83 	17.82 	18.53 	18.96 	19.70 	18.39 	18.99 	18.61 	19.05 	20.62 	20.31 	20.16 	20.06 	19.77 	18.57 	18.33 	20.59 	16.24 	17.40 	17.32 	17.70 	: 
CPL_2CH_100_0,US	14.10 	13.87 	13.60 	13.33 	10.70 	10.37 	8.21 	7.01 	6.83 	10.93 	11.36 	10.94 	10.89 	10.81 	13.82 	13.83 	14.41 	15.05 	17.88 	18.34 	18.05 	: 
CPL_2CH_100_100,AT	25.66 	29.05 	28.62 	28.27 	27.64 	26.85 	26.21 	26.05 	28.19 	27.63 	27.03 	26.44 	26.45 	25.00 	24.59 	24.23 	23.66 	20.22 	20.76 	20.31 	19.69 	: 
CPL_2CH_100_100,BE	35.30 	36.58 	36.90 	36.94 	37.31 	36.64 	36.39 	36.24 	36.88 	36.57 	36.54 	36.57 	36.50 	37.32 	38.39 	38.66 	38.44 	36.49 	36.36 	36.13 	35.81 	: 
CPL_2CH_100_100,BG	: 	21.61 	21.61 	21.61 	21.61 	21.61 	15.58 	16.00 	17.11 	9.41 	7.31 	13.74 	12.32 	15.74 	14.61 	16.23 	18.40 	13.63 	15.22 	13.16 	15.01 	: 
CPL_2CH_100_100,CH	12.60 	12.69 	12.83 	13.33 	13.33 	11.58 	11.79 	11.76 	11.08 	12.64 	12.20 	12.65 	12.57 	12.57 	12.96 	12.82 	12.69 	17.50 	17.65 	17.54 	18.59 	: 
CPL_2CH_100_100,CY	: 	: 	: 	: 	: 	: 	: 	: 	: 	6.98 	7.11 	6.48 	6.30 	6.30 	7.04 	9.44 	9.23 	11.29 	10.67 	10.43 	10.49 	: 
CPL_2CH_100_100,CZ	16.75 	16.45 	16.43 	16.01 	16.06 	16.24 	15.93 	15.90 	16.17 	15.58 	18.18 	19.55 	19.69 	19.31 	18.90 	18.35 	18.21 	18.55 	18.65 	18.87 	18.58 	: 
CPL_2CH_100_100,DE	34.07 	33.96 	33.86 	33.76 	34.06 	34.17 	33.30 	35.75 	36.71 	36.87 	37.07 	36.73 	36.74 	37.56 	36.80 	36.80 	37.69 	36.89 	37.61 	29.62 	36.97 	: 
CPL_2CH_100_100,DK	32.84 	32.72 	32.42 	32.61 	35.39 	35.18 	35.00 	36.36 	37.72 	37.89 	37.66 	37.52 	37.67 	39.00 	39.07 	39.99 	40.81 	40.87 	40.11 	41.68 	41.55 	: 
CPL_2CH_100_100,EA17	: 	27.88 	27.94 	27.80 	27.86 	27.81 	27.46 	27.06 	27.30 	27.23 	27.45 	27.17 	27.27 	27.40 	27.56 	27.75 	28.38 	27.22 	27.25 	25.76 	27.72 	: 
CPL_2CH_100_100,EA18	: 	27.85 	27.91 	27.78 	27.85 	27.80 	27.45 	27.03 	27.26 	27.21 	27.43 	27.15 	: 	: 	: 	: 	: 	: 	: 	: 	: 	: 
CPL_2CH_100_100,EA19	: 	27.79 	27.84 	27.73 	27.79 	27.74 	27.39 	26.95 	27.19 	27.15 	27.36 	27.11 	: 	: 	: 	: 	: 	: 	: 	: 	: 	: 
CPL_2CH_100_100,EE	12.53 	12.89 	16.30 	15.98 	16.17 	15.40 	15.01 	14.23 	11.97 	14.23 	13.28 	16.15 	17.84 	19.76 	19.18 	18.22 	18.28 	15.90 	15.20 	15.50 	14.40 	: 
CPL_2CH_100_100,EL	25.92 	25.19 	26.43 	26.91 	28.63 	21.15 	20.04 	22.39 	21.17 	21.36 	20.78 	19.20 	19.13 	17.99 	18.03 	17.48 	18.06 	17.81 	18.52 	18.17 	17.90 	: 
CPL_2CH_100_100,ES	19.57 	19.44 	21.16 	21.08 	21.01 	20.07 	19.66 	17.87 	17.29 	18.52 	18.84 	18.60 	18.35 	17.99 	18.72 	18.34 	17.97 	15.95 	18.91 	19.24 	18.90 	: 
CPL_2CH_100_100,EU15	: 	26.76 	26.81 	26.80 	26.91 	27.00 	26.77 	26.55 	26.87 	27.12 	27.35 	27.12 	27.19 	27.26 	26.98 	27.14 	27.95 	26.57 	26.98 	25.61 	27.29 	: 
CPL_2CH_100_100,EU25	: 	25.87 	25.91 	25.89 	26.06 	26.15 	25.92 	25.77 	26.09 	26.48 	26.96 	26.76 	26.85 	26.86 	26.70 	26.87 	27.50 	26.33 	25.41 	24.50 	25.95 	: 
CPL_2CH_100_100,EU27	: 	25.67 	25.78 	25.74 	25.91 	26.10 	25.88 	25.61 	25.91 	26.10 	26.53 	26.34 	26.49 	26.51 	26.38 	26.42 	27.01 	26.26 	25.06 	24.14 	25.25 	: 
CPL_2CH_100_100,EU28	: 	25.66 	25.78 	25.74 	25.91 	26.07 	25.86 	25.43 	25.72 	25.84 	26.24 	26.16 	: 	: 	: 	: 	: 	: 	: 	: 	: 	: 
CPL_2CH_100_100,FI	27.97 	28.03 	27.51 	27.04 	26.31 	26.78 	25.78 	25.72 	26.98 	26.86 	26.82 	27.47 	27.11 	27.90 	28.30 	28.66 	29.78 	28.79 	30.40 	30.76 	32.34 	: 
CPL_2CH_100_100,FR	25.07 	24.81 	24.56 	24.31 	24.18 	23.99 	23.67 	23.47 	23.64 	23.50 	23.73 	23.61 	23.56 	23.58 	23.52 	23.55 	23.33 	21.10 	20.63 	21.47 	21.17 	: 
CPL_2CH_100_100,HR	: 	23.87 	25.58 	25.51 	: 	: 	: 	: 	: 	: 	: 	: 	: 	: 	: 	: 	: 	: 	: 	: 	: 	: 
CPL_2CH_100_100,HU	24.15 	25.68 	25.34 	24.97 	25.28 	24.30 	24.65 	31.20 	31.43 	31.74 	28.05 	26.63 	27.10 	25.22 	28.59 	30.07 	28.03 	19.57 	20.59 	21.12 	21.12 	: 
CPL_2CH_100_100,IE	13.80 	14.34 	14.79 	14.58 	12.78 	13.76 	17.20 	16.41 	14.08 	14.54 	17.03 	19.30 	18.98 	18.08 	19.09 	20.96 	25.61 	22.01 	22.51 	23.53 	26.09 	: 
CPL_2CH_100_100,IS	29.19 	29.33 	28.63 	29.05 	27.83 	28.48 	24.22 	21.32 	22.16 	23.21 	24.05 	24.77 	25.29 	24.46 	23.47 	21.11 	21.10 	21.29 	20.50 	19.58 	18.46 	: 
CPL_2CH_100_100,IT	27.82 	27.83 	27.67 	27.71 	27.82 	27.71 	26.50 	26.43 	26.12 	25.14 	25.69 	24.87 	25.32 	24.84 	25.71 	26.26 	27.20 	27.58 	27.61 	28.18 	27.50 	: 
CPL_2CH_100_100,JP	19.85 	19.75 	19.43 	19.04 	18.89 	17.24 	16.55 	17.46 	17.69 	17.60 	17.03 	16.76 	16.47 	17.06 	18.87 	15.82 	15.77 	: 	: 	: 	: 	: 
CPL_2CH_100_100,LT	: 	21.61 	21.28 	21.72 	21.41 	21.15 	20.96 	18.48 	20.59 	21.92 	20.81 	23.69 	26.78 	26.08 	28.97 	28.79 	28.75 	26.91 	27.37 	26.38 	27.04 	26.02 
CPL_2CH_100_100,LU	22.59 	22.43 	21.46 	20.79 	19.00 	18.73 	16.89 	16.60 	17.56 	17.45 	15.98 	15.14 	14.08 	13.51 	12.77 	16.69 	17.75 	12.58 	11.14 	12.30 	11.62 	: 
CPL_2CH_100_100,LV	22.29 	22.04 	22.67 	25.38 	26.27 	25.96 	25.76 	23.66 	22.74 	24.05 	25.10 	24.61 	24.90 	24.00 	24.40 	23.90 	23.50 	21.40 	21.30 	21.00 	13.20 	: 
CPL_2CH_100_100,MT	: 	15.49 	15.13 	16.00 	15.77 	16.82 	15.51 	15.05 	15.44 	16.61 	18.44 	17.73 	17.80 	17.50 	18.40 	17.60 	16.60 	16.50 	15.20 	13.30 	12.30 	: 
CPL_2CH_100_100,NL	25.84 	26.35 	29.39 	27.05 	27.88 	27.34 	29.67 	27.62 	29.24 	29.11 	29.29 	29.20 	29.29 	28.11 	27.66 	27.71 	30.45 	31.89 	30.81 	35.93 	35.72 	: 
CPL_2CH_100_100,NO	25.87 	26.27 	26.53 	26.98 	26.91 	26.89 	26.19 	26.16 	26.92 	26.78 	26.16 	25.94 	26.90 	26.86 	27.40 	27.88 	26.75 	24.48 	24.37 	23.70 	23.95 	: 
CPL_2CH_100_100,PL	22.68 	22.53 	22.38 	21.32 	21.92 	21.72 	21.60 	21.28 	21.56 	24.24 	28.71 	28.38 	28.08 	27.84 	27.59 	27.66 	27.80 	31.39 	15.79 	16.89 	17.99 	: 
CPL_2CH_100_100,PT	23.78 	23.71 	24.96 	25.28 	21.67 	24.04 	20.19 	19.85 	20.20 	20.24 	19.72 	19.23 	19.98 	19.82 	20.12 	20.47 	20.17 	14.32 	14.82 	15.08 	14.82 	: 
CPL_2CH_100_100,RO	: 	21.81 	23.81 	23.40 	26.59 	26.61 	26.02 	25.60 	24.86 	23.30 	23.20 	20.00 	22.70 	21.00 	22.40 	18.30 	17.50 	24.50 	20.80 	20.40 	13.90 	: 
CPL_2CH_100_100,SE	21.66 	21.32 	21.08 	21.71 	21.42 	21.23 	21.01 	21.75 	23.17 	23.68 	26.82 	27.57 	27.82 	27.36 	26.65 	28.30 	29.86 	30.07 	30.25 	30.84 	29.99 	: 
CPL_2CH_100_100,SI	26.92 	27.13 	27.03 	26.85 	26.81 	27.75 	27.54 	27.40 	27.52 	27.49 	28.34 	28.14 	29.62 	29.45 	29.34 	29.37 	29.35 	30.40 	30.40 	30.30 	30.20 	: 
CPL_2CH_100_100,SK	18.30 	18.02 	17.75 	17.44 	17.50 	17.60 	15.98 	15.97 	17.80 	16.93 	16.33 	15.80 	15.66 	17.06 	18.49 	19.60 	18.74 	14.20 	0.46 	13.94 	13.72 	: 
CPL_2CH_100_100,TR	26.66 	26.85 	26.73 	26.49 	29.17 	28.53 	28.23 	28.17 	28.68 	30.42 	30.36 	30.50 	30.15 	29.47 	30.12 	30.92 	28.73 	22.87 	33.14 	32.81 	31.64 	: 
CPL_2CH_100_100,UK	20.89 	20.91 	21.06 	21.46 	22.22 	22.55 	23.04 	22.78 	23.14 	24.63 	24.47 	24.41 	24.38 	24.22 	22.10 	21.93 	23.20 	20.30 	21.30 	21.25 	21.74 	: 
CPL_2CH_100_100,US	21.80 	21.58 	21.45 	21.31 	19.07 	18.87 	19.37 	19.11 	17.68 	19.98 	20.14 	19.93 	19.96 	19.94 	22.14 	22.31 	22.74 	22.69 	24.26 	24.39 	24.36 	: 
CPL_2CH_100_33,AT	17.85 	20.77 	20.57 	20.27 	19.64 	18.87 	18.39 	18.24 	21.09 	20.53 	19.95 	19.34 	19.16 	17.76 	17.44 	17.04 	16.52 	12.85 	13.86 	13.40 	13.22 	: 
CPL_2CH_100_33,BE	23.95 	26.13 	26.58 	26.76 	27.39 	26.60 	26.20 	25.97 	26.85 	26.51 	26.50 	26.78 	25.83 	27.47 	29.18 	29.57 	29.32 	27.88 	27.70 	27.40 	26.97 	: 
CPL_2CH_100_33,BG	: 	14.52 	11.73 	14.94 	14.58 	14.16 	12.91 	13.13 	14.79 	21.05 	20.23 	7.62 	6.77 	11.97 	9.38 	11.48 	13.15 	7.81 	9.07 	7.23 	9.44 	: 
CPL_2CH_100_33,CH	6.61 	6.71 	6.85 	7.33 	7.44 	5.68 	5.79 	5.78 	4.84 	6.77 	6.35 	6.77 	6.68 	6.68 	7.01 	6.79 	6.62 	11.09 	11.14 	11.03 	12.00 	: 
CPL_2CH_100_33,CY	: 	: 	: 	: 	: 	: 	: 	: 	: 	5.66 	8.13 	5.17 	6.30 	6.30 	6.95 	8.06 	7.90 	9.43 	8.94 	8.74 	8.79 	: 
CPL_2CH_100_33,CZ	10.19 	9.93 	10.07 	9.60 	6.19 	7.20 	6.73 	6.54 	6.23 	4.79 	10.21 	12.38 	13.10 	11.31 	9.79 	9.20 	6.96 	9.54 	7.67 	11.74 	11.60 	: 
CPL_2CH_100_33,DE	26.93 	26.76 	26.62 	26.45 	26.78 	26.83 	25.72 	27.30 	28.89 	28.93 	28.98 	28.57 	28.18 	29.11 	28.25 	28.23 	29.18 	28.49 	29.73 	29.62 	29.17 	: 
CPL_2CH_100_33,DK	29.01 	28.85 	28.49 	28.71 	32.45 	32.15 	31.90 	33.36 	33.91 	34.15 	33.95 	33.82 	33.95 	34.41 	34.48 	35.08 	35.87 	35.83 	35.06 	36.48 	36.46 	: 
CPL_2CH_100_33,EA17	: 	21.14 	21.05 	21.49 	21.61 	21.52 	21.17 	20.24 	20.90 	20.67 	20.92 	20.78 	20.80 	21.03 	21.13 	21.45 	22.31 	21.39 	21.83 	22.42 	21.89 	: 
CPL_2CH_100_33,EA18	: 	21.12 	21.04 	21.50 	21.61 	21.53 	21.18 	20.23 	20.86 	20.67 	20.92 	20.78 	: 	: 	: 	: 	: 	: 	: 	: 	: 	: 
CPL_2CH_100_33,EA19	: 	21.10 	21.01 	21.47 	21.59 	21.50 	21.16 	20.17 	20.83 	20.64 	20.87 	20.75 	: 	: 	: 	: 	: 	: 	: 	: 	: 	: 
CPL_2CH_100_33,EE	8.13 	8.66 	13.14 	12.65 	12.65 	11.50 	10.91 	10.16 	7.21 	10.11 	8.19 	11.84 	13.39 	16.28 	15.40 	14.34 	14.42 	12.00 	11.00 	11.20 	9.80 	: 
CPL_2CH_100_33,EL	22.32 	21.70 	22.77 	23.27 	25.72 	19.19 	18.07 	19.95 	18.86 	18.93 	18.97 	17.74 	17.67 	16.77 	16.89 	16.42 	16.84 	17.42 	18.10 	17.86 	17.54 	: 
CPL_2CH_100_33,ES	16.29 	16.19 	17.48 	17.42 	17.34 	16.64 	16.34 	14.99 	14.56 	15.48 	15.71 	15.54 	15.35 	15.08 	15.63 	15.34 	15.07 	13.66 	15.80 	15.67 	15.44 	: 
CPL_2CH_100_33,EU15	: 	20.34 	20.27 	20.76 	20.94 	21.06 	20.86 	20.15 	20.78 	20.85 	21.09 	20.98 	20.97 	21.08 	20.94 	21.18 	22.29 	20.78 	21.46 	21.98 	21.61 	: 
CPL_2CH_100_33,EU25	: 	19.82 	19.77 	20.16 	20.32 	20.42 	20.16 	19.54 	20.10 	20.30 	20.96 	20.86 	20.90 	20.89 	20.83 	20.90 	21.76 	20.51 	19.78 	20.46 	20.16 	: 
CPL_2CH_100_33,EU27	: 	19.69 	19.69 	20.09 	20.25 	20.45 	20.19 	19.44 	20.07 	20.29 	20.90 	20.46 	20.56 	20.57 	20.54 	20.46 	21.26 	20.51 	19.46 	20.05 	19.39 	: 
CPL_2CH_100_33,EU28	: 	19.70 	19.71 	20.10 	20.26 	20.41 	20.15 	19.32 	19.95 	20.30 	20.88 	20.28 	: 	: 	: 	: 	: 	: 	: 	: 	: 	: 
CPL_2CH_100_33,FI	21.32 	21.63 	21.37 	20.93 	20.17 	21.00 	20.00 	20.03 	21.19 	21.09 	21.12 	21.70 	21.28 	22.21 	22.61 	22.84 	23.99 	22.87 	24.23 	24.50 	26.09 	: 
CPL_2CH_100_33,FR	19.09 	18.96 	17.55 	19.00 	18.86 	18.51 	18.10 	16.63 	17.85 	17.58 	18.09 	18.35 	18.61 	18.62 	18.42 	18.85 	19.41 	17.63 	17.03 	17.96 	16.72 	: 
CPL_2CH_100_33,HR	: 	20.77 	21.79 	21.76 	: 	: 	: 	: 	: 	: 	: 	: 	: 	: 	: 	: 	: 	: 	: 	: 	: 	: 
CPL_2CH_100_33,HU	19.44 	21.23 	20.73 	20.17 	20.20 	15.54 	17.84 	23.04 	22.83 	22.75 	19.19 	18.04 	18.19 	16.22 	20.38 	21.82 	20.43 	11.92 	12.07 	12.55 	12.85 	: 
CPL_2CH_100_33,IE	4.61 	5.08 	5.94 	5.65 	3.63 	4.49 	6.29 	5.26 	3.14 	3.44 	5.36 	7.04 	6.94 	7.43 	9.45 	11.54 	15.06 	12.78 	14.98 	16.52 	18.30 	: 
CPL_2CH_100_33,IS	24.37 	23.81 	22.22 	22.44 	20.11 	21.30 	15.14 	11.72 	13.70 	14.79 	15.57 	15.69 	16.05 	14.83 	13.36 	10.15 	9.79 	10.14 	8.55 	5.29 	3.38 	: 
CPL_2CH_100_33,IT	18.70 	18.71 	19.28 	21.16 	21.33 	21.13 	19.66 	19.52 	19.03 	17.55 	18.19 	17.48 	17.84 	17.39 	18.75 	20.10 	20.76 	21.71 	21.77 	22.46 	21.42 	: 
CPL_2CH_100_33,JP	17.70 	17.59 	17.26 	16.82 	16.72 	14.41 	13.54 	15.20 	15.43 	15.34 	14.94 	15.09 	14.79 	15.69 	17.53 	14.40 	14.36 	: 	: 	: 	: 	: 
CPL_2CH_100_33,LT	: 	18.65 	18.24 	19.14 	18.71 	18.36 	18.11 	14.35 	17.36 	17.85 	16.18 	17.48 	22.13 	21.09 	25.42 	25.15 	25.10 	23.34 	24.03 	22.54 	23.54 	22.00 
CPL_2CH_100_33,LU	10.86 	10.70 	9.74 	9.10 	7.70 	7.55 	5.87 	5.62 	6.41 	6.00 	4.68 	4.03 	3.10 	2.66 	2.02 	5.60 	6.55 	2.41 	3.12 	4.11 	4.14 	: 
CPL_2CH_100_33,LV	17.86 	17.48 	17.98 	21.87 	22.76 	22.29 	22.28 	20.50 	18.20 	20.17 	21.75 	21.01 	21.40 	20.20 	20.70 	19.90 	19.30 	16.20 	16.00 	15.60 	6.10 	: 
CPL_2CH_100_33,MT	: 	11.82 	11.51 	12.23 	12.38 	13.51 	12.49 	12.09 	12.36 	12.56 	13.70 	12.78 	13.70 	13.30 	13.80 	12.60 	11.80 	5.10 	3.80 	1.70 	0.60 	: 
CPL_2CH_100_33,NL	19.81 	21.00 	23.44 	22.35 	22.61 	22.39 	23.45 	22.40 	22.98 	22.76 	23.23 	24.25 	24.27 	23.79 	23.00 	23.07 	26.24 	26.47 	25.34 	30.93 	31.03 	: 
CPL_2CH_100_33,NO	21.76 	22.16 	22.33 	22.83 	22.86 	22.92 	22.22 	22.14 	22.80 	22.59 	22.12 	22.31 	23.03 	22.86 	23.18 	23.29 	21.95 	20.12 	19.83 	18.84 	19.04 	: 
CPL_2CH_100_33,PL	20.66 	20.45 	20.22 	18.62 	19.55 	19.25 	19.07 	18.58 	18.57 	21.20 	27.41 	27.01 	26.67 	26.41 	26.13 	23.38 	23.63 	27.00 	9.43 	11.39 	12.23 	: 
CPL_2CH_100_33,PT	13.07 	14.73 	14.39 	14.83 	12.09 	13.84 	12.31 	12.08 	12.64 	12.72 	12.08 	11.72 	12.60 	11.70 	12.26 	11.12 	14.11 	10.10 	10.63 	10.95 	10.82 	: 
CPL_2CH_100_33,RO	: 	18.27 	20.94 	20.43 	23.57 	23.60 	22.83 	19.74 	21.69 	19.50 	19.50 	14.80 	17.20 	15.10 	17.10 	12.10 	11.40 	20.70 	16.30 	15.90 	6.40 	: 
CPL_2CH_100_33,SE	17.79 	17.38 	17.11 	17.70 	17.37 	17.12 	16.82 	17.63 	18.92 	19.37 	22.73 	23.90 	24.32 	23.82 	23.26 	24.78 	26.49 	26.91 	27.47 	28.35 	27.44 	: 
CPL_2CH_100_33,SI	19.75 	19.62 	19.53 	19.34 	19.38 	19.20 	18.94 	18.78 	18.93 	20.04 	19.77 	19.52 	21.86 	21.64 	21.51 	21.44 	21.19 	27.70 	27.80 	27.70 	27.60 	: 
CPL_2CH_100_33,SK	12.38 	12.08 	12.58 	12.12 	10.96 	11.08 	7.76 	7.52 	11.78 	10.47 	10.21 	9.41 	9.19 	10.55 	9.85 	11.50 	10.47 	3.52 	4.78 	4.29 	3.95 	: 
CPL_2CH_100_33,TR	23.64 	24.26 	24.14 	23.90 	27.65 	26.95 	26.63 	26.64 	27.19 	29.91 	29.86 	29.96 	29.78 	28.78 	29.29 	30.11 	27.97 	23.44 	32.80 	32.96 	31.91 	: 
CPL_2CH_100_33,UK	15.29 	15.32 	15.55 	16.15 	17.32 	17.82 	17.90 	17.45 	17.97 	19.22 	18.90 	18.76 	18.67 	18.37 	17.15 	16.89 	18.80 	13.95 	15.80 	15.71 	16.05 	: 
CPL_2CH_100_33,US	17.87 	17.70 	17.49 	17.29 	14.88 	14.62 	14.36 	13.98 	11.95 	15.51 	15.75 	15.43 	15.42 	15.38 	17.68 	17.74 	18.20 	19.08 	21.44 	21.63 	21.59 	: 
CPL_2CH_100_67,AT	22.18 	25.54 	25.08 	24.71 	23.99 	23.14 	22.56 	22.39 	24.75 	24.13 	23.46 	22.75 	22.96 	21.62 	21.14 	20.71 	20.04 	16.23 	16.93 	16.37 	16.15 	: 
CPL_2CH_100_67,BE	31.48 	33.06 	33.45 	33.50 	33.88 	33.03 	32.70 	32.50 	33.27 	32.94 	32.90 	32.93 	32.84 	33.83 	35.03 	35.28 	34.94 	32.61 	32.45 	32.18 	31.79 	: 
CPL_2CH_100_67,BG	: 	21.61 	15.46 	16.30 	16.01 	15.67 	14.54 	14.88 	16.20 	8.42 	5.62 	10.42 	8.79 	14.26 	11.17 	13.07 	15.59 	10.77 	12.65 	10.57 	12.44 	: 
CPL_2CH_100_67,CH	9.96 	10.06 	10.20 	10.70 	10.70 	8.89 	9.08 	9.07 	8.31 	10.00 	9.55 	9.97 	9.87 	9.87 	10.27 	10.13 	10.02 	14.71 	14.79 	14.68 	15.67 	: 
CPL_2CH_100_67,CY	: 	: 	: 	: 	: 	: 	: 	: 	: 	5.79 	5.81 	5.40 	6.30 	6.30 	7.00 	8.20 	8.08 	9.31 	8.91 	8.77 	8.81 	: 
CPL_2CH_100_67,CZ	13.91 	13.55 	13.53 	13.02 	11.83 	12.45 	12.05 	11.78 	11.55 	10.97 	15.99 	17.46 	17.99 	17.68 	14.89 	14.37 	14.01 	14.50 	14.53 	14.52 	14.40 	: 
CPL_2CH_100_67,DE	31.23 	31.09 	30.95 	30.79 	31.05 	31.12 	30.10 	32.06 	33.46 	33.54 	33.66 	33.28 	33.20 	34.14 	33.31 	33.18 	34.22 	33.34 	34.28 	34.22 	33.68 	: 
CPL_2CH_100_67,DK	31.23 	31.10 	30.78 	30.98 	34.14 	33.90 	33.70 	35.11 	35.64 	35.89 	35.74 	35.63 	35.74 	37.05 	37.13 	38.03 	38.83 	38.85 	38.09 	39.60 	39.52 	: 
CPL_2CH_100_67,EA17	: 	24.93 	25.13 	25.20 	25.26 	25.19 	24.86 	24.13 	24.50 	24.39 	24.68 	24.49 	24.53 	24.67 	24.83 	24.87 	25.66 	24.58 	24.97 	25.54 	25.20 	: 
CPL_2CH_100_67,EA18	: 	24.91 	25.11 	25.19 	25.25 	25.19 	24.86 	24.11 	24.47 	24.37 	24.67 	24.48 	: 	: 	: 	: 	: 	: 	: 	: 	: 	: 
CPL_2CH_100_67,EA19	: 	24.86 	25.06 	25.15 	25.20 	25.14 	24.82 	24.04 	24.41 	24.33 	24.61 	24.44 	: 	: 	: 	: 	: 	: 	: 	: 	: 	: 
CPL_2CH_100_67,EE	10.81 	11.23 	15.06 	14.67 	14.77 	13.84 	13.37 	12.60 	10.07 	12.58 	11.24 	14.42 	16.06 	18.37 	17.67 	16.67 	16.74 	14.30 	13.40 	13.70 	12.50 	: 
CPL_2CH_100_67,EL	23.02 	22.44 	23.55 	24.07 	26.39 	19.45 	17.65 	19.47 	18.29 	18.34 	18.38 	17.39 	17.33 	16.62 	16.69 	16.32 	16.79 	17.15 	18.09 	17.82 	17.51 	: 
CPL_2CH_100_67,ES	17.36 	17.23 	19.00 	18.92 	18.83 	18.01 	17.59 	15.46 	14.84 	16.39 	16.84 	16.54 	16.17 	15.67 	16.64 	16.11 	15.61 	13.31 	16.60 	16.83 	16.45 	: 
CPL_2CH_100_67,EU15	: 	23.99 	24.16 	24.33 	24.44 	24.54 	24.34 	23.87 	24.26 	24.45 	24.68 	24.66 	24.49 	24.56 	24.49 	24.52 	25.48 	23.97 	24.56 	25.06 	24.85 	: 
CPL_2CH_100_67,EU25	: 	23.27 	23.42 	23.54 	23.68 	23.77 	23.53 	23.14 	23.49 	23.81 	24.37 	24.35 	24.26 	24.26 	24.20 	24.12 	25.06 	23.83 	22.90 	23.43 	23.28 	: 
CPL_2CH_100_67,EU27	: 	23.15 	23.27 	23.39 	23.52 	23.71 	23.48 	23.04 	23.37 	23.50 	24.00 	23.93 	23.89 	23.91 	23.86 	23.66 	24.55 	23.78 	22.55 	23.00 	22.54 	: 
CPL_2CH_100_67,EU28	: 	23.14 	23.27 	23.39 	23.52 	23.66 	23.43 	22.88 	23.21 	23.27 	23.72 	23.74 	: 	: 	: 	: 	: 	: 	: 	: 	: 	: 
CPL_2CH_100_67,FI	24.43 	24.62 	24.15 	23.72 	22.85 	23.46 	22.34 	22.38 	23.70 	23.52 	23.50 	24.18 	23.77 	24.63 	24.99 	25.33 	26.46 	25.39 	26.99 	27.34 	28.75 	: 
CPL_2CH_100_67,FR	22.85 	23.01 	23.07 	22.81 	22.65 	22.45 	22.06 	21.82 	22.03 	21.72 	21.96 	21.82 	21.72 	21.67 	21.51 	21.43 	21.29 	19.80 	19.39 	20.15 	19.84 	: 
CPL_2CH_100_67,HR	: 	22.27 	23.45 	23.42 	: 	: 	: 	: 	: 	: 	: 	: 	: 	: 	: 	: 	: 	: 	: 	: 	: 	: 
CPL_2CH_100_67,HU	22.31 	23.93 	23.53 	23.09 	23.06 	19.99 	21.86 	26.26 	25.97 	25.63 	21.81 	20.62 	21.57 	19.96 	23.56 	25.27 	24.23 	15.39 	16.01 	16.61 	16.37 	: 
CPL_2CH_100_67,IE	10.36 	11.05 	11.58 	11.34 	9.13 	10.31 	12.63 	11.41 	8.52 	8.75 	10.84 	13.56 	13.17 	12.09 	13.49 	15.55 	20.63 	15.92 	17.66 	19.32 	21.14 	: 
CPL_2CH_100_67,IS	27.69 	27.58 	26.37 	26.51 	24.71 	25.50 	20.40 	17.48 	18.77 	19.84 	20.66 	21.14 	21.59 	20.61 	19.43 	16.70 	16.56 	16.79 	15.64 	13.64 	12.77 	: 
CPL_2CH_100_67,IT	22.83 	22.83 	23.26 	24.83 	24.93 	24.80 	23.46 	23.35 	22.96 	21.84 	22.91 	22.02 	22.50 	22.02 	23.22 	23.97 	24.92 	25.54 	25.57 	26.04 	25.49 	: 
CPL_2CH_100_67,JP	18.71 	18.61 	18.31 	17.94 	17.77 	15.89 	15.12 	16.31 	16.50 	16.40 	15.93 	15.85 	15.56 	16.28 	18.11 	14.97 	14.93 	: 	: 	: 	: 	: 
CPL_2CH_100_67,LT	: 	20.37 	19.98 	20.68 	20.30 	19.99 	19.77 	16.80 	19.32 	20.32 	18.99 	21.25 	24.96 	24.13 	27.58 	27.36 	27.32 	25.51 	26.06 	24.87 	25.67 	24.45 
CPL_2CH_100_67,LU	17.30 	17.12 	16.13 	15.45 	13.75 	13.54 	11.78 	11.52 	12.36 	12.13 	10.75 	10.02 	9.00 	8.52 	7.83 	11.66 	12.70 	7.69 	6.23 	7.07 	6.53 	: 
CPL_2CH_100_67,LV	20.55 	20.25 	20.83 	24.00 	24.89 	24.52 	24.39 	22.42 	20.95 	22.53 	23.79 	23.19 	23.50 	22.50 	22.90 	22.40 	21.80 	19.40 	19.20 	18.90 	10.40 	: 
CPL_2CH_100_67,MT	: 	12.69 	12.36 	13.28 	13.28 	14.39 	13.25 	12.73 	13.04 	14.39 	15.70 	15.04 	14.60 	14.10 	14.70 	13.40 	12.60 	11.50 	10.30 	8.30 	7.30 	: 
CPL_2CH_100_67,NL	21.87 	23.38 	25.25 	24.28 	24.87 	24.72 	26.99 	24.87 	26.44 	26.19 	26.50 	28.28 	27.98 	27.26 	26.50 	26.54 	29.64 	29.41 	28.37 	33.45 	33.37 	: 
CPL_2CH_100_67,NO	24.08 	24.50 	24.71 	25.08 	24.98 	24.92 	24.27 	24.22 	24.87 	24.70 	24.18 	23.97 	24.86 	24.78 	25.16 	25.35 	24.39 	22.22 	21.98 	21.15 	21.34 	: 
CPL_2CH_100_67,PL	21.89 	21.72 	21.54 	20.26 	20.97 	20.73 	20.59 	20.20 	20.36 	23.02 	28.19 	27.83 	27.52 	27.27 	27.01 	24.80 	27.26 	30.84 	11.34 	13.11 	13.98 	: 
CPL_2CH_100_67,PT	20.67 	20.33 	21.70 	22.02 	18.90 	21.04 	17.21 	16.92 	17.34 	17.39 	16.77 	15.86 	16.66 	15.90 	17.14 	14.48 	17.00 	11.99 	12.59 	12.89 	12.58 	: 
CPL_2CH_100_67,RO	: 	20.34 	22.57 	22.07 	25.26 	25.29 	24.56 	24.06 	23.30 	21.70 	21.70 	18.00 	20.10 	18.20 	19.70 	15.40 	14.50 	22.50 	18.50 	18.10 	10.50 	: 
CPL_2CH_100_67,SE	19.98 	19.63 	19.39 	19.94 	19.62 	19.40 	19.16 	20.00 	21.22 	21.81 	25.05 	26.06 	26.44 	25.92 	25.36 	26.79 	28.26 	28.28 	28.67 	29.27 	28.37 	: 
CPL_2CH_100_67,SI	23.77 	24.06 	23.98 	23.81 	23.69 	23.32 	23.09 	23.56 	23.68 	23.82 	23.65 	23.47 	25.53 	25.37 	25.28 	25.24 	25.08 	29.20 	29.20 	29.10 	29.10 	: 
CPL_2CH_100_67,SK	16.01 	15.68 	15.36 	14.99 	15.03 	15.15 	13.21 	13.19 	15.39 	14.35 	13.63 	12.99 	12.82 	12.75 	12.18 	13.85 	12.89 	11.88 	8.68 	8.21 	7.88 	: 
CPL_2CH_100_67,TR	25.31 	25.68 	25.53 	25.25 	28.48 	27.70 	27.34 	27.28 	27.89 	29.99 	29.92 	30.08 	29.78 	28.96 	29.62 	30.42 	28.12 	23.36 	33.29 	33.28 	32.03 	: 
CPL_2CH_100_67,UK	18.69 	18.72 	18.90 	19.38 	20.26 	20.66 	21.45 	20.93 	21.26 	22.62 	22.02 	22.69 	21.54 	21.30 	20.12 	19.91 	21.44 	17.76 	18.97 	18.90 	19.28 	: 
CPL_2CH_100_67,US	20.20 	20.06 	19.90 	19.73 	17.39 	17.17 	17.36 	17.06 	15.34 	18.19 	18.39 	18.13 	18.14 	18.12 	20.00 	20.09 	20.47 	21.24 	23.13 	23.29 	23.26 	: 
CPL_2CH_33_0,EA17	: 	: 	1.41 	1.41 	0.77 	-1.69 	-2.95 	: 	: 	: 	: 	: 	: 	: 	: 	: 	: 	: 	: 	: 	: 	: 
CPL_2CH_33_0,EA18	: 	: 	-4.69 	-4.69 	-1.39 	-2.93 	-3.61 	-13.96 	-24.54 	-18.88 	-15.65 	-21.35 	: 	: 	: 	: 	: 	: 	: 	: 	: 	: 
CPL_2CH_33_0,EA19	: 	: 	-8.64 	-8.64 	-18.21 	-20.29 	-21.79 	-20.66 	-14.87 	11.89 	9.30 	9.00 	: 	: 	: 	: 	: 	: 	: 	: 	: 	: 
CPL_2CH_33_0,EU15	: 	: 	-2.48 	-2.48 	-2.35 	-1.71 	2.08 	: 	: 	: 	: 	: 	: 	: 	: 	: 	: 	: 	: 	: 	: 	: 
CPL_2CH_33_0,EU25	: 	: 	3.29 	3.29 	3.37 	3.59 	0.78 	: 	: 	: 	: 	: 	: 	: 	: 	: 	: 	: 	: 	: 	: 	: 
CPL_2CH_33_0,EU27	: 	: 	-14.30 	-14.30 	-16.29 	-18.55 	-22.09 	: 	: 	: 	: 	: 	: 	: 	: 	: 	: 	: 	: 	: 	: 	: 
CPL_2CH_33_0,EU28	: 	: 	20.00 	20.00 	-16.29 	-18.55 	-22.09 	-24.46 	-36.08 	-0.99 	-3.43 	-4.25 	: 	: 	: 	: 	: 	: 	: 	: 	: 	: 
TOTAL,EU15	: 	: 	: 	: 	24.74 	25.11 	25.54 	: 	: 	: 	: 	: 	: 	: 	: 	: 	: 	: 	: 	: 	: 	: 
